scope,layer,module,module_type,num_weights,matrix_count,left,right,spearman,reason,sample_size,sample_indices_sha256,exact,mask_xor
matrix,0,attn_out,attn_out,16777216,,sum,abs,-0.0015475488769229953,,16777216,f278d328ebcb70b0b57051ca99bedbb76ad8d35254ba613ed8cb6d749c9215e6,True,0.50067138671875
matrix,0,attn_out,attn_out,16777216,,sum,square,-0.0016103896345696597,,16777216,f278d328ebcb70b0b57051ca99bedbb76ad8d35254ba613ed8cb6d749c9215e6,True,0.5006641149520874
matrix,0,attn_out,attn_out,16777216,,abs,square,0.99550053849675,,16777216,f278d328ebcb70b0b57051ca99bedbb76ad8d35254ba613ed8cb6d749c9215e6,True,0.030069708824157715
matrix,0,ff_out,ff_out,50331648,,sum,abs,-0.0009246375836638067,,50331648,1b1591a439a829d9a49899180254ab4862a7f381350f7e430d27b796890667ab,True,0.5004401803016663
matrix,0,ff_out,ff_out,50331648,,sum,square,-0.0009234090418965768,,50331648,1b1591a439a829d9a49899180254ab4862a7f381350f7e430d27b796890667ab,True,0.5004401206970215
matrix,0,ff_out,ff_out,50331648,,abs,square,0.9961809027690778,,50331648,1b1591a439a829d9a49899180254ab4862a7f381350f7e430d27b796890667ab,True,0.02380911447107792
matrix,0,q_proj,q_proj,16777216,,sum,abs,0.0035432637749462817,,16777216,f278d328ebcb70b0b57051ca99bedbb76ad8d35254ba613ed8cb6d749c9215e6,True,0.49862754344940186
matrix,0,q_proj,q_proj,16777216,,sum,square,0.0037032172269497584,,16777216,f278d328ebcb70b0b57051ca99bedbb76ad8d35254ba613ed8cb6d749c9215e6,True,0.49860072135925293
matrix,0,q_proj,q_proj,16777216,,abs,square,0.9947113376381282,,16777216,f278d328ebcb70b0b57051ca99bedbb76ad8d35254ba613ed8cb6d749c9215e6,True,0.03538203239440918
matrix,0,k_proj,k_proj,16777216,,sum,abs,0.0062493078550501105,,16777216,f278d328ebcb70b0b57051ca99bedbb76ad8d35254ba613ed8cb6d749c9215e6,True,0.49501025676727295
matrix,0,k_proj,k_proj,16777216,,sum,square,0.007205192192027754,,16777216,f278d328ebcb70b0b57051ca99bedbb76ad8d35254ba613ed8cb6d749c9215e6,True,0.49469470977783203
matrix,0,k_proj,k_proj,16777216,,abs,square,0.9945319158583534,,16777216,f278d328ebcb70b0b57051ca99bedbb76ad8d35254ba613ed8cb6d749c9215e6,True,0.03944706916809082
matrix,0,v_proj,v_proj,16777216,,sum,abs,-0.0013596814744643224,,16777216,f278d328ebcb70b0b57051ca99bedbb76ad8d35254ba613ed8cb6d749c9215e6,True,0.5001881122589111
matrix,0,v_proj,v_proj,16777216,,sum,square,-0.0011403157720574603,,16777216,f278d328ebcb70b0b57051ca99bedbb76ad8d35254ba613ed8cb6d749c9215e6,True,0.5001732110977173
matrix,0,v_proj,v_proj,16777216,,abs,square,0.9954403985222451,,16777216,f278d328ebcb70b0b57051ca99bedbb76ad8d35254ba613ed8cb6d749c9215e6,True,0.03763163089752197
matrix,0,ff_proj,ff_proj,50331648,,sum,abs,-0.0005656588594527472,,50331648,1b1591a439a829d9a49899180254ab4862a7f381350f7e430d27b796890667ab,True,0.5003781914710999
matrix,0,ff_proj,ff_proj,50331648,,sum,square,-0.0006835754933135882,,50331648,1b1591a439a829d9a49899180254ab4862a7f381350f7e430d27b796890667ab,True,0.5004594326019287
matrix,0,ff_proj,ff_proj,50331648,,abs,square,0.9958776950443452,,50331648,1b1591a439a829d9a49899180254ab4862a7f381350f7e430d27b796890667ab,True,0.030387679114937782
matrix,0,up_proj,up_proj,50331648,,sum,abs,-0.0004252533741072308,,50331648,1b1591a439a829d9a49899180254ab4862a7f381350f7e430d27b796890667ab,True,0.5003272294998169
matrix,0,up_proj,up_proj,50331648,,sum,square,-0.0005251848161787429,,50331648,1b1591a439a829d9a49899180254ab4862a7f381350f7e430d27b796890667ab,True,0.5003553628921509
matrix,0,up_proj,up_proj,50331648,,abs,square,0.9960961869271089,,50331648,1b1591a439a829d9a49899180254ab4862a7f381350f7e430d27b796890667ab,True,0.030141672119498253
matrix,1,attn_out,attn_out,16777216,,sum,abs,-0.00037901883857460896,,16777216,f278d328ebcb70b0b57051ca99bedbb76ad8d35254ba613ed8cb6d749c9215e6,True,0.4998866319656372
matrix,1,attn_out,attn_out,16777216,,sum,square,-0.00020211776539591795,,16777216,f278d328ebcb70b0b57051ca99bedbb76ad8d35254ba613ed8cb6d749c9215e6,True,0.4998965263366699
matrix,1,attn_out,attn_out,16777216,,abs,square,0.9929558485423059,,16777216,f278d328ebcb70b0b57051ca99bedbb76ad8d35254ba613ed8cb6d749c9215e6,True,0.03510391712188721
matrix,1,ff_out,ff_out,50331648,,sum,abs,-0.00024333490577087266,,50331648,1b1591a439a829d9a49899180254ab4862a7f381350f7e430d27b796890667ab,True,0.5000872611999512
matrix,1,ff_out,ff_out,50331648,,sum,square,-0.00023995189048156223,,50331648,1b1591a439a829d9a49899180254ab4862a7f381350f7e430d27b796890667ab,True,0.5000461935997009
matrix,1,ff_out,ff_out,50331648,,abs,square,0.9957838325215579,,50331648,1b1591a439a829d9a49899180254ab4862a7f381350f7e430d27b796890667ab,True,0.024350324645638466
matrix,1,q_proj,q_proj,16777216,,sum,abs,0.0011929151985028235,,16777216,f278d328ebcb70b0b57051ca99bedbb76ad8d35254ba613ed8cb6d749c9215e6,True,0.4993293285369873
matrix,1,q_proj,q_proj,16777216,,sum,square,0.0022989711266628637,,16777216,f278d328ebcb70b0b57051ca99bedbb76ad8d35254ba613ed8cb6d749c9215e6,True,0.4990715980529785
matrix,1,q_proj,q_proj,16777216,,abs,square,0.9958170611921702,,16777216,f278d328ebcb70b0b57051ca99bedbb76ad8d35254ba613ed8cb6d749c9215e6,True,0.02742934226989746
matrix,1,k_proj,k_proj,16777216,,sum,abs,0.010527782339025848,,16777216,f278d328ebcb70b0b57051ca99bedbb76ad8d35254ba613ed8cb6d749c9215e6,True,0.49459123611450195
matrix,1,k_proj,k_proj,16777216,,sum,square,0.011916316463761022,,16777216,f278d328ebcb70b0b57051ca99bedbb76ad8d35254ba613ed8cb6d749c9215e6,True,0.4943474531173706
matrix,1,k_proj,k_proj,16777216,,abs,square,0.9942428528731616,,16777216,f278d328ebcb70b0b57051ca99bedbb76ad8d35254ba613ed8cb6d749c9215e6,True,0.03124082088470459
matrix,1,v_proj,v_proj,16777216,,sum,abs,-0.0005927834815896227,,16777216,f278d328ebcb70b0b57051ca99bedbb76ad8d35254ba613ed8cb6d749c9215e6,True,0.49971985816955566
matrix,1,v_proj,v_proj,16777216,,sum,square,-0.0004445438528971882,,16777216,f278d328ebcb70b0b57051ca99bedbb76ad8d35254ba613ed8cb6d749c9215e6,True,0.49974918365478516
matrix,1,v_proj,v_proj,16777216,,abs,square,0.9954708796437336,,16777216,f278d328ebcb70b0b57051ca99bedbb76ad8d35254ba613ed8cb6d749c9215e6,True,0.026443123817443848
matrix,1,ff_proj,ff_proj,50331648,,sum,abs,9.122786327406633e-05,,50331648,1b1591a439a829d9a49899180254ab4862a7f381350f7e430d27b796890667ab,True,0.49988529086112976
matrix,1,ff_proj,ff_proj,50331648,,sum,square,0.0001160166236014937,,50331648,1b1591a439a829d9a49899180254ab4862a7f381350f7e430d27b796890667ab,True,0.49985775351524353
matrix,1,ff_proj,ff_proj,50331648,,abs,square,0.9954583111575411,,50331648,1b1591a439a829d9a49899180254ab4862a7f381350f7e430d27b796890667ab,True,0.030133048072457314
matrix,1,up_proj,up_proj,50331648,,sum,abs,0.0005819357830456314,,50331648,1b1591a439a829d9a49899180254ab4862a7f381350f7e430d27b796890667ab,True,0.49963822960853577
matrix,1,up_proj,up_proj,50331648,,sum,square,0.000603023255294474,,50331648,1b1591a439a829d9a49899180254ab4862a7f381350f7e430d27b796890667ab,True,0.4996683895587921
matrix,1,up_proj,up_proj,50331648,,abs,square,0.9958838061004854,,50331648,1b1591a439a829d9a49899180254ab4862a7f381350f7e430d27b796890667ab,True,0.029642025008797646
matrix,2,attn_out,attn_out,16777216,,sum,abs,0.002409810991757837,,16777216,f278d328ebcb70b0b57051ca99bedbb76ad8d35254ba613ed8cb6d749c9215e6,True,0.498876690864563
matrix,2,attn_out,attn_out,16777216,,sum,square,0.0024869228762235012,,16777216,f278d328ebcb70b0b57051ca99bedbb76ad8d35254ba613ed8cb6d749c9215e6,True,0.4988492727279663
matrix,2,attn_out,attn_out,16777216,,abs,square,0.9929893439879678,,16777216,f278d328ebcb70b0b57051ca99bedbb76ad8d35254ba613ed8cb6d749c9215e6,True,0.035070061683654785
matrix,2,ff_out,ff_out,50331648,,sum,abs,-8.076759332213042e-05,,50331648,1b1591a439a829d9a49899180254ab4862a7f381350f7e430d27b796890667ab,True,0.5000271201133728
matrix,2,ff_out,ff_out,50331648,,sum,square,-0.00012079898822920995,,50331648,1b1591a439a829d9a49899180254ab4862a7f381350f7e430d27b796890667ab,True,0.5000783801078796
matrix,2,ff_out,ff_out,50331648,,abs,square,0.993428052037258,,50331648,1b1591a439a829d9a49899180254ab4862a7f381350f7e430d27b796890667ab,True,0.02930375002324581
matrix,2,q_proj,q_proj,16777216,,sum,abs,0.005326487117389721,,16777216,f278d328ebcb70b0b57051ca99bedbb76ad8d35254ba613ed8cb6d749c9215e6,True,0.4976757764816284
matrix,2,q_proj,q_proj,16777216,,sum,square,0.005424307588140898,,16777216,f278d328ebcb70b0b57051ca99bedbb76ad8d35254ba613ed8cb6d749c9215e6,True,0.49760639667510986
matrix,2,q_proj,q_proj,16777216,,abs,square,0.9962214204667251,,16777216,f278d328ebcb70b0b57051ca99bedbb76ad8d35254ba613ed8cb6d749c9215e6,True,0.025983452796936035
matrix,2,k_proj,k_proj,16777216,,sum,abs,0.007824651147178568,,16777216,f278d328ebcb70b0b57051ca99bedbb76ad8d35254ba613ed8cb6d749c9215e6,True,0.4957057237625122
matrix,2,k_proj,k_proj,16777216,,sum,square,0.007911460563964422,,16777216,f278d328ebcb70b0b57051ca99bedbb76ad8d35254ba613ed8cb6d749c9215e6,True,0.4957239627838135
matrix,2,k_proj,k_proj,16777216,,abs,square,0.9955998243033544,,16777216,f278d328ebcb70b0b57051ca99bedbb76ad8d35254ba613ed8cb6d749c9215e6,True,0.02725386619567871
matrix,2,v_proj,v_proj,16777216,,sum,abs,0.002374837838193714,,16777216,f278d328ebcb70b0b57051ca99bedbb76ad8d35254ba613ed8cb6d749c9215e6,True,0.49909985065460205
matrix,2,v_proj,v_proj,16777216,,sum,square,0.0023836902989539176,,16777216,f278d328ebcb70b0b57051ca99bedbb76ad8d35254ba613ed8cb6d749c9215e6,True,0.4991164207458496
matrix,2,v_proj,v_proj,16777216,,abs,square,0.9957784148481742,,16777216,f278d328ebcb70b0b57051ca99bedbb76ad8d35254ba613ed8cb6d749c9215e6,True,0.024387717247009277
matrix,2,ff_proj,ff_proj,50331648,,sum,abs,1.4663061497541262e-05,,50331648,1b1591a439a829d9a49899180254ab4862a7f381350f7e430d27b796890667ab,True,0.4999206066131592
matrix,2,ff_proj,ff_proj,50331648,,sum,square,2.4763907127962e-05,,50331648,1b1591a439a829d9a49899180254ab4862a7f381350f7e430d27b796890667ab,True,0.49992623925209045
matrix,2,ff_proj,ff_proj,50331648,,abs,square,0.9938463100711269,,50331648,1b1591a439a829d9a49899180254ab4862a7f381350f7e430d27b796890667ab,True,0.03020600415766239
matrix,2,up_proj,up_proj,50331648,,sum,abs,3.981255481467825e-05,,50331648,1b1591a439a829d9a49899180254ab4862a7f381350f7e430d27b796890667ab,True,0.49993208050727844
matrix,2,up_proj,up_proj,50331648,,sum,square,7.758163210175333e-05,,50331648,1b1591a439a829d9a49899180254ab4862a7f381350f7e430d27b796890667ab,True,0.49990054965019226
matrix,2,up_proj,up_proj,50331648,,abs,square,0.9945555344384398,,50331648,1b1591a439a829d9a49899180254ab4862a7f381350f7e430d27b796890667ab,True,0.029513955116271973
matrix,3,attn_out,attn_out,16777216,,sum,abs,0.002822174880496448,,16777216,f278d328ebcb70b0b57051ca99bedbb76ad8d35254ba613ed8cb6d749c9215e6,True,0.4987829923629761
matrix,3,attn_out,attn_out,16777216,,sum,square,0.002991396093456811,,16777216,f278d328ebcb70b0b57051ca99bedbb76ad8d35254ba613ed8cb6d749c9215e6,True,0.49873197078704834
matrix,3,attn_out,attn_out,16777216,,abs,square,0.9937752314942353,,16777216,f278d328ebcb70b0b57051ca99bedbb76ad8d35254ba613ed8cb6d749c9215e6,True,0.03146207332611084
matrix,3,ff_out,ff_out,50331648,,sum,abs,0.00021433754862493662,,50331648,1b1591a439a829d9a49899180254ab4862a7f381350f7e430d27b796890667ab,True,0.49997878074645996
matrix,3,ff_out,ff_out,50331648,,sum,square,0.00017520038608923554,,50331648,1b1591a439a829d9a49899180254ab4862a7f381350f7e430d27b796890667ab,True,0.4999702274799347
matrix,3,ff_out,ff_out,50331648,,abs,square,0.992142839312977,,50331648,1b1591a439a829d9a49899180254ab4862a7f381350f7e430d27b796890667ab,True,0.03113631345331669
matrix,3,q_proj,q_proj,16777216,,sum,abs,0.0016006325137121029,,16777216,f278d328ebcb70b0b57051ca99bedbb76ad8d35254ba613ed8cb6d749c9215e6,True,0.4988657236099243
matrix,3,q_proj,q_proj,16777216,,sum,square,0.0016756914096306681,,16777216,f278d328ebcb70b0b57051ca99bedbb76ad8d35254ba613ed8cb6d749c9215e6,True,0.4988659620285034
matrix,3,q_proj,q_proj,16777216,,abs,square,0.9933665597314906,,16777216,f278d328ebcb70b0b57051ca99bedbb76ad8d35254ba613ed8cb6d749c9215e6,True,0.03260612487792969
matrix,3,k_proj,k_proj,16777216,,sum,abs,-0.00058849665710796,,16777216,f278d328ebcb70b0b57051ca99bedbb76ad8d35254ba613ed8cb6d749c9215e6,True,0.49937915802001953
matrix,3,k_proj,k_proj,16777216,,sum,square,-0.0005175497659309172,,16777216,f278d328ebcb70b0b57051ca99bedbb76ad8d35254ba613ed8cb6d749c9215e6,True,0.4994018077850342
matrix,3,k_proj,k_proj,16777216,,abs,square,0.9941993541267145,,16777216,f278d328ebcb70b0b57051ca99bedbb76ad8d35254ba613ed8cb6d749c9215e6,True,0.031409502029418945
matrix,3,v_proj,v_proj,16777216,,sum,abs,0.00326373278877209,,16777216,f278d328ebcb70b0b57051ca99bedbb76ad8d35254ba613ed8cb6d749c9215e6,True,0.4985170364379883
matrix,3,v_proj,v_proj,16777216,,sum,square,0.003426279391779,,16777216,f278d328ebcb70b0b57051ca99bedbb76ad8d35254ba613ed8cb6d749c9215e6,True,0.49844419956207275
matrix,3,v_proj,v_proj,16777216,,abs,square,0.9935708427253593,,16777216,f278d328ebcb70b0b57051ca99bedbb76ad8d35254ba613ed8cb6d749c9215e6,True,0.031129956245422363
matrix,3,ff_proj,ff_proj,50331648,,sum,abs,0.0003447831201434362,,50331648,1b1591a439a829d9a49899180254ab4862a7f381350f7e430d27b796890667ab,True,0.5000308752059937
matrix,3,ff_proj,ff_proj,50331648,,sum,square,0.00032230546303141854,,50331648,1b1591a439a829d9a49899180254ab4862a7f381350f7e430d27b796890667ab,True,0.4999794065952301
matrix,3,ff_proj,ff_proj,50331648,,abs,square,0.9927550085444375,,50331648,1b1591a439a829d9a49899180254ab4862a7f381350f7e430d27b796890667ab,True,0.030229607596993446
matrix,3,up_proj,up_proj,50331648,,sum,abs,0.00035126191100664025,,50331648,1b1591a439a829d9a49899180254ab4862a7f381350f7e430d27b796890667ab,True,0.4999794065952301
matrix,3,up_proj,up_proj,50331648,,sum,square,0.000349601650993598,,50331648,1b1591a439a829d9a49899180254ab4862a7f381350f7e430d27b796890667ab,True,0.49999797344207764
matrix,3,up_proj,up_proj,50331648,,abs,square,0.9936868004690851,,50331648,1b1591a439a829d9a49899180254ab4862a7f381350f7e430d27b796890667ab,True,0.029370108619332314
matrix,4,attn_out,attn_out,16777216,,sum,abs,-0.00023934117605569442,,16777216,f278d328ebcb70b0b57051ca99bedbb76ad8d35254ba613ed8cb6d749c9215e6,True,0.5001721382141113
matrix,4,attn_out,attn_out,16777216,,sum,square,-0.00018711242296494147,,16777216,f278d328ebcb70b0b57051ca99bedbb76ad8d35254ba613ed8cb6d749c9215e6,True,0.5001386404037476
matrix,4,attn_out,attn_out,16777216,,abs,square,0.9953056266284391,,16777216,f278d328ebcb70b0b57051ca99bedbb76ad8d35254ba613ed8cb6d749c9215e6,True,0.027478337287902832
matrix,4,ff_out,ff_out,50331648,,sum,abs,-0.00016443778552285976,,50331648,1b1591a439a829d9a49899180254ab4862a7f381350f7e430d27b796890667ab,True,0.5002068877220154
matrix,4,ff_out,ff_out,50331648,,sum,square,-0.00020439596627125264,,50331648,1b1591a439a829d9a49899180254ab4862a7f381350f7e430d27b796890667ab,True,0.5002105832099915
matrix,4,ff_out,ff_out,50331648,,abs,square,0.9919811880080377,,50331648,1b1591a439a829d9a49899180254ab4862a7f381350f7e430d27b796890667ab,True,0.031132897362113
matrix,4,q_proj,q_proj,16777216,,sum,abs,0.0029751645721700546,,16777216,f278d328ebcb70b0b57051ca99bedbb76ad8d35254ba613ed8cb6d749c9215e6,True,0.4986906051635742
matrix,4,q_proj,q_proj,16777216,,sum,square,0.0032953880102117015,,16777216,f278d328ebcb70b0b57051ca99bedbb76ad8d35254ba613ed8cb6d749c9215e6,True,0.49851858615875244
matrix,4,q_proj,q_proj,16777216,,abs,square,0.992235002454702,,16777216,f278d328ebcb70b0b57051ca99bedbb76ad8d35254ba613ed8cb6d749c9215e6,True,0.03205597400665283
matrix,4,k_proj,k_proj,16777216,,sum,abs,0.00018205539066923812,,16777216,f278d328ebcb70b0b57051ca99bedbb76ad8d35254ba613ed8cb6d749c9215e6,True,0.49962687492370605
matrix,4,k_proj,k_proj,16777216,,sum,square,0.0005385130478927328,,16777216,f278d328ebcb70b0b57051ca99bedbb76ad8d35254ba613ed8cb6d749c9215e6,True,0.4995661973953247
matrix,4,k_proj,k_proj,16777216,,abs,square,0.9917027618696773,,16777216,f278d328ebcb70b0b57051ca99bedbb76ad8d35254ba613ed8cb6d749c9215e6,True,0.03233444690704346
matrix,4,v_proj,v_proj,16777216,,sum,abs,-0.0006270364787847992,,16777216,f278d328ebcb70b0b57051ca99bedbb76ad8d35254ba613ed8cb6d749c9215e6,True,0.4999430179595947
matrix,4,v_proj,v_proj,16777216,,sum,square,-0.0005619330665302531,,16777216,f278d328ebcb70b0b57051ca99bedbb76ad8d35254ba613ed8cb6d749c9215e6,True,0.5000432729721069
matrix,4,v_proj,v_proj,16777216,,abs,square,0.994500518629496,,16777216,f278d328ebcb70b0b57051ca99bedbb76ad8d35254ba613ed8cb6d749c9215e6,True,0.02943241596221924
matrix,4,ff_proj,ff_proj,50331648,,sum,abs,0.0002468198134515067,,50331648,1b1591a439a829d9a49899180254ab4862a7f381350f7e430d27b796890667ab,True,0.4999840259552002
matrix,4,ff_proj,ff_proj,50331648,,sum,square,0.0001328205301879641,,50331648,1b1591a439a829d9a49899180254ab4862a7f381350f7e430d27b796890667ab,True,0.500002384185791
matrix,4,ff_proj,ff_proj,50331648,,abs,square,0.9927906428415544,,50331648,1b1591a439a829d9a49899180254ab4862a7f381350f7e430d27b796890667ab,True,0.028979698196053505
matrix,4,up_proj,up_proj,50331648,,sum,abs,0.00011430927591870895,,50331648,1b1591a439a829d9a49899180254ab4862a7f381350f7e430d27b796890667ab,True,0.49999070167541504
matrix,4,up_proj,up_proj,50331648,,sum,square,6.27139669038578e-05,,50331648,1b1591a439a829d9a49899180254ab4862a7f381350f7e430d27b796890667ab,True,0.500005841255188
matrix,4,up_proj,up_proj,50331648,,abs,square,0.9935964169845515,,50331648,1b1591a439a829d9a49899180254ab4862a7f381350f7e430d27b796890667ab,True,0.02762726880609989
matrix,5,attn_out,attn_out,16777216,,sum,abs,-0.000996861081974309,,16777216,f278d328ebcb70b0b57051ca99bedbb76ad8d35254ba613ed8cb6d749c9215e6,True,0.5005769729614258
matrix,5,attn_out,attn_out,16777216,,sum,square,-0.0010418280725554424,,16777216,f278d328ebcb70b0b57051ca99bedbb76ad8d35254ba613ed8cb6d749c9215e6,True,0.5006071329116821
matrix,5,attn_out,attn_out,16777216,,abs,square,0.995226886745438,,16777216,f278d328ebcb70b0b57051ca99bedbb76ad8d35254ba613ed8cb6d749c9215e6,True,0.027608036994934082
matrix,5,ff_out,ff_out,50331648,,sum,abs,6.977084398706489e-05,,50331648,1b1591a439a829d9a49899180254ab4862a7f381350f7e430d27b796890667ab,True,0.4999590814113617
matrix,5,ff_out,ff_out,50331648,,sum,square,8.442004385765237e-05,,50331648,1b1591a439a829d9a49899180254ab4862a7f381350f7e430d27b796890667ab,True,0.5000091195106506
matrix,5,ff_out,ff_out,50331648,,abs,square,0.9925624123532092,,50331648,1b1591a439a829d9a49899180254ab4862a7f381350f7e430d27b796890667ab,True,0.030195871368050575
matrix,5,q_proj,q_proj,16777216,,sum,abs,0.00018218169533895713,,16777216,f278d328ebcb70b0b57051ca99bedbb76ad8d35254ba613ed8cb6d749c9215e6,True,0.49969255924224854
matrix,5,q_proj,q_proj,16777216,,sum,square,3.718878940597041e-05,,16777216,f278d328ebcb70b0b57051ca99bedbb76ad8d35254ba613ed8cb6d749c9215e6,True,0.49976634979248047
matrix,5,q_proj,q_proj,16777216,,abs,square,0.9907829031666281,,16777216,f278d328ebcb70b0b57051ca99bedbb76ad8d35254ba613ed8cb6d749c9215e6,True,0.03265810012817383
matrix,5,k_proj,k_proj,16777216,,sum,abs,-0.00040683054804386274,,16777216,f278d328ebcb70b0b57051ca99bedbb76ad8d35254ba613ed8cb6d749c9215e6,True,0.5002446174621582
matrix,5,k_proj,k_proj,16777216,,sum,square,-0.0005160923883225681,,16777216,f278d328ebcb70b0b57051ca99bedbb76ad8d35254ba613ed8cb6d749c9215e6,True,0.5002917051315308
matrix,5,k_proj,k_proj,16777216,,abs,square,0.992924352750554,,16777216,f278d328ebcb70b0b57051ca99bedbb76ad8d35254ba613ed8cb6d749c9215e6,True,0.030690670013427734
matrix,5,v_proj,v_proj,16777216,,sum,abs,-0.000697268640724762,,16777216,f278d328ebcb70b0b57051ca99bedbb76ad8d35254ba613ed8cb6d749c9215e6,True,0.5002098083496094
matrix,5,v_proj,v_proj,16777216,,sum,square,-0.000745934476961442,,16777216,f278d328ebcb70b0b57051ca99bedbb76ad8d35254ba613ed8cb6d749c9215e6,True,0.5002332925796509
matrix,5,v_proj,v_proj,16777216,,abs,square,0.9948225622094164,,16777216,f278d328ebcb70b0b57051ca99bedbb76ad8d35254ba613ed8cb6d749c9215e6,True,0.0270766019821167
matrix,5,ff_proj,ff_proj,50331648,,sum,abs,0.0001365611597909217,,50331648,1b1591a439a829d9a49899180254ab4862a7f381350f7e430d27b796890667ab,True,0.5000229477882385
matrix,5,ff_proj,ff_proj,50331648,,sum,square,0.0001493615098162699,,50331648,1b1591a439a829d9a49899180254ab4862a7f381350f7e430d27b796890667ab,True,0.5000222325325012
matrix,5,ff_proj,ff_proj,50331648,,abs,square,0.9930337497034859,,50331648,1b1591a439a829d9a49899180254ab4862a7f381350f7e430d27b796890667ab,True,0.02856544591486454
matrix,5,up_proj,up_proj,50331648,,sum,abs,0.0002953078524459254,,50331648,1b1591a439a829d9a49899180254ab4862a7f381350f7e430d27b796890667ab,True,0.4998457133769989
matrix,5,up_proj,up_proj,50331648,,sum,square,0.00028259571067990833,,50331648,1b1591a439a829d9a49899180254ab4862a7f381350f7e430d27b796890667ab,True,0.4998626410961151
matrix,5,up_proj,up_proj,50331648,,abs,square,0.9940796806902197,,50331648,1b1591a439a829d9a49899180254ab4862a7f381350f7e430d27b796890667ab,True,0.026466885581612587
matrix,6,attn_out,attn_out,16777216,,sum,abs,-0.0006974801493419715,,16777216,f278d328ebcb70b0b57051ca99bedbb76ad8d35254ba613ed8cb6d749c9215e6,True,0.5003631114959717
matrix,6,attn_out,attn_out,16777216,,sum,square,-0.0007019124662315489,,16777216,f278d328ebcb70b0b57051ca99bedbb76ad8d35254ba613ed8cb6d749c9215e6,True,0.5003113746643066
matrix,6,attn_out,attn_out,16777216,,abs,square,0.9953413430336818,,16777216,f278d328ebcb70b0b57051ca99bedbb76ad8d35254ba613ed8cb6d749c9215e6,True,0.027473092079162598
matrix,6,ff_out,ff_out,50331648,,sum,abs,0.00017147845234794984,,50331648,1b1591a439a829d9a49899180254ab4862a7f381350f7e430d27b796890667ab,True,0.49996957182884216
matrix,6,ff_out,ff_out,50331648,,sum,square,0.00013731451834364677,,50331648,1b1591a439a829d9a49899180254ab4862a7f381350f7e430d27b796890667ab,True,0.4999764859676361
matrix,6,ff_out,ff_out,50331648,,abs,square,0.9912866927848234,,50331648,1b1591a439a829d9a49899180254ab4862a7f381350f7e430d27b796890667ab,True,0.031964659690856934
matrix,6,q_proj,q_proj,16777216,,sum,abs,0.00021567955742397062,,16777216,f278d328ebcb70b0b57051ca99bedbb76ad8d35254ba613ed8cb6d749c9215e6,True,0.49966228008270264
matrix,6,q_proj,q_proj,16777216,,sum,square,0.00027688656152280325,,16777216,f278d328ebcb70b0b57051ca99bedbb76ad8d35254ba613ed8cb6d749c9215e6,True,0.4995945692062378
matrix,6,q_proj,q_proj,16777216,,abs,square,0.9925241035497487,,16777216,f278d328ebcb70b0b57051ca99bedbb76ad8d35254ba613ed8cb6d749c9215e6,True,0.03031635284423828
matrix,6,k_proj,k_proj,16777216,,sum,abs,0.0013730077137785418,,16777216,f278d328ebcb70b0b57051ca99bedbb76ad8d35254ba613ed8cb6d749c9215e6,True,0.49902117252349854
matrix,6,k_proj,k_proj,16777216,,sum,square,0.0015524634552556023,,16777216,f278d328ebcb70b0b57051ca99bedbb76ad8d35254ba613ed8cb6d749c9215e6,True,0.498998761177063
matrix,6,k_proj,k_proj,16777216,,abs,square,0.9926807117251208,,16777216,f278d328ebcb70b0b57051ca99bedbb76ad8d35254ba613ed8cb6d749c9215e6,True,0.03078138828277588
matrix,6,v_proj,v_proj,16777216,,sum,abs,0.00018200062925783692,,16777216,f278d328ebcb70b0b57051ca99bedbb76ad8d35254ba613ed8cb6d749c9215e6,True,0.49985992908477783
matrix,6,v_proj,v_proj,16777216,,sum,square,0.00012587624452760197,,16777216,f278d328ebcb70b0b57051ca99bedbb76ad8d35254ba613ed8cb6d749c9215e6,True,0.4998990297317505
matrix,6,v_proj,v_proj,16777216,,abs,square,0.9949745536142597,,16777216,f278d328ebcb70b0b57051ca99bedbb76ad8d35254ba613ed8cb6d749c9215e6,True,0.026983022689819336
matrix,6,ff_proj,ff_proj,50331648,,sum,abs,-0.00017653003837001218,,50331648,1b1591a439a829d9a49899180254ab4862a7f381350f7e430d27b796890667ab,True,0.5000200867652893
matrix,6,ff_proj,ff_proj,50331648,,sum,square,-0.00018154069004422952,,50331648,1b1591a439a829d9a49899180254ab4862a7f381350f7e430d27b796890667ab,True,0.500023365020752
matrix,6,ff_proj,ff_proj,50331648,,abs,square,0.9927776232105174,,50331648,1b1591a439a829d9a49899180254ab4862a7f381350f7e430d27b796890667ab,True,0.028264284133911133
matrix,6,up_proj,up_proj,50331648,,sum,abs,0.00036624619423742213,,50331648,1b1591a439a829d9a49899180254ab4862a7f381350f7e430d27b796890667ab,True,0.49979129433631897
matrix,6,up_proj,up_proj,50331648,,sum,square,0.0003599221609223077,,50331648,1b1591a439a829d9a49899180254ab4862a7f381350f7e430d27b796890667ab,True,0.4997933804988861
matrix,6,up_proj,up_proj,50331648,,abs,square,0.994222961158857,,50331648,1b1591a439a829d9a49899180254ab4862a7f381350f7e430d27b796890667ab,True,0.02533578872680664
matrix,7,attn_out,attn_out,16777216,,sum,abs,-2.0857367134712114e-05,,16777216,f278d328ebcb70b0b57051ca99bedbb76ad8d35254ba613ed8cb6d749c9215e6,True,0.5000995397567749
matrix,7,attn_out,attn_out,16777216,,sum,square,-1.9849052838043845e-05,,16777216,f278d328ebcb70b0b57051ca99bedbb76ad8d35254ba613ed8cb6d749c9215e6,True,0.5000617504119873
matrix,7,attn_out,attn_out,16777216,,abs,square,0.9956678861082584,,16777216,f278d328ebcb70b0b57051ca99bedbb76ad8d35254ba613ed8cb6d749c9215e6,True,0.025419116020202637
matrix,7,ff_out,ff_out,50331648,,sum,abs,-0.00011475363971119332,,50331648,1b1591a439a829d9a49899180254ab4862a7f381350f7e430d27b796890667ab,True,0.5000330805778503
matrix,7,ff_out,ff_out,50331648,,sum,square,-0.00012820612092151725,,50331648,1b1591a439a829d9a49899180254ab4862a7f381350f7e430d27b796890667ab,True,0.4999898672103882
matrix,7,ff_out,ff_out,50331648,,abs,square,0.9916097403001152,,50331648,1b1591a439a829d9a49899180254ab4862a7f381350f7e430d27b796890667ab,True,0.03147411346435547
matrix,7,q_proj,q_proj,16777216,,sum,abs,0.00250968881798453,,16777216,f278d328ebcb70b0b57051ca99bedbb76ad8d35254ba613ed8cb6d749c9215e6,True,0.4993377923965454
matrix,7,q_proj,q_proj,16777216,,sum,square,0.0026356336123267298,,16777216,f278d328ebcb70b0b57051ca99bedbb76ad8d35254ba613ed8cb6d749c9215e6,True,0.49926066398620605
matrix,7,q_proj,q_proj,16777216,,abs,square,0.9955207051451583,,16777216,f278d328ebcb70b0b57051ca99bedbb76ad8d35254ba613ed8cb6d749c9215e6,True,0.026827216148376465
matrix,7,k_proj,k_proj,16777216,,sum,abs,0.0018688634206547408,,16777216,f278d328ebcb70b0b57051ca99bedbb76ad8d35254ba613ed8cb6d749c9215e6,True,0.49949002265930176
matrix,7,k_proj,k_proj,16777216,,sum,square,0.0018951029641894649,,16777216,f278d328ebcb70b0b57051ca99bedbb76ad8d35254ba613ed8cb6d749c9215e6,True,0.49951422214508057
matrix,7,k_proj,k_proj,16777216,,abs,square,0.9940814647471451,,16777216,f278d328ebcb70b0b57051ca99bedbb76ad8d35254ba613ed8cb6d749c9215e6,True,0.028831958770751953
matrix,7,v_proj,v_proj,16777216,,sum,abs,-7.2724499593213386e-06,,16777216,f278d328ebcb70b0b57051ca99bedbb76ad8d35254ba613ed8cb6d749c9215e6,True,0.5001368522644043
matrix,7,v_proj,v_proj,16777216,,sum,square,-6.334331169311262e-05,,16777216,f278d328ebcb70b0b57051ca99bedbb76ad8d35254ba613ed8cb6d749c9215e6,True,0.500136137008667
matrix,7,v_proj,v_proj,16777216,,abs,square,0.9951691554182509,,16777216,f278d328ebcb70b0b57051ca99bedbb76ad8d35254ba613ed8cb6d749c9215e6,True,0.026589512825012207
matrix,7,ff_proj,ff_proj,50331648,,sum,abs,-0.0002168585524805359,,50331648,1b1591a439a829d9a49899180254ab4862a7f381350f7e430d27b796890667ab,True,0.5001249313354492
matrix,7,ff_proj,ff_proj,50331648,,sum,square,-0.00026649613730679394,,50331648,1b1591a439a829d9a49899180254ab4862a7f381350f7e430d27b796890667ab,True,0.5001025795936584
matrix,7,ff_proj,ff_proj,50331648,,abs,square,0.9918260803161976,,50331648,1b1591a439a829d9a49899180254ab4862a7f381350f7e430d27b796890667ab,True,0.029491743072867393
matrix,7,up_proj,up_proj,50331648,,sum,abs,-0.00034150514632109844,,50331648,1b1591a439a829d9a49899180254ab4862a7f381350f7e430d27b796890667ab,True,0.5001554489135742
matrix,7,up_proj,up_proj,50331648,,sum,square,-0.00034346756841357616,,50331648,1b1591a439a829d9a49899180254ab4862a7f381350f7e430d27b796890667ab,True,0.50016850233078
matrix,7,up_proj,up_proj,50331648,,abs,square,0.9934225306310758,,50331648,1b1591a439a829d9a49899180254ab4862a7f381350f7e430d27b796890667ab,True,0.025318821892142296
matrix,8,attn_out,attn_out,16777216,,sum,abs,-0.0006542680359285855,,16777216,f278d328ebcb70b0b57051ca99bedbb76ad8d35254ba613ed8cb6d749c9215e6,True,0.500287652015686
matrix,8,attn_out,attn_out,16777216,,sum,square,-0.0007198178619782114,,16777216,f278d328ebcb70b0b57051ca99bedbb76ad8d35254ba613ed8cb6d749c9215e6,True,0.5003511905670166
matrix,8,attn_out,attn_out,16777216,,abs,square,0.9950931902890239,,16777216,f278d328ebcb70b0b57051ca99bedbb76ad8d35254ba613ed8cb6d749c9215e6,True,0.027132868766784668
matrix,8,ff_out,ff_out,50331648,,sum,abs,-0.0002259484488312142,,50331648,1b1591a439a829d9a49899180254ab4862a7f381350f7e430d27b796890667ab,True,0.5001283288002014
matrix,8,ff_out,ff_out,50331648,,sum,square,-0.0003085872034276519,,50331648,1b1591a439a829d9a49899180254ab4862a7f381350f7e430d27b796890667ab,True,0.5001436471939087
matrix,8,ff_out,ff_out,50331648,,abs,square,0.9923733258569875,,50331648,1b1591a439a829d9a49899180254ab4862a7f381350f7e430d27b796890667ab,True,0.02985195256769657
matrix,8,q_proj,q_proj,16777216,,sum,abs,-0.000700499628039031,,16777216,f278d328ebcb70b0b57051ca99bedbb76ad8d35254ba613ed8cb6d749c9215e6,True,0.5002882480621338
matrix,8,q_proj,q_proj,16777216,,sum,square,-0.0007782620636486008,,16777216,f278d328ebcb70b0b57051ca99bedbb76ad8d35254ba613ed8cb6d749c9215e6,True,0.5003132820129395
matrix,8,q_proj,q_proj,16777216,,abs,square,0.9941982975089066,,16777216,f278d328ebcb70b0b57051ca99bedbb76ad8d35254ba613ed8cb6d749c9215e6,True,0.027637958526611328
matrix,8,k_proj,k_proj,16777216,,sum,abs,-0.0005804463832569991,,16777216,f278d328ebcb70b0b57051ca99bedbb76ad8d35254ba613ed8cb6d749c9215e6,True,0.5001795291900635
matrix,8,k_proj,k_proj,16777216,,sum,square,-0.0006684151622472874,,16777216,f278d328ebcb70b0b57051ca99bedbb76ad8d35254ba613ed8cb6d749c9215e6,True,0.5001521110534668
matrix,8,k_proj,k_proj,16777216,,abs,square,0.9915892861415396,,16777216,f278d328ebcb70b0b57051ca99bedbb76ad8d35254ba613ed8cb6d749c9215e6,True,0.030528903007507324
matrix,8,v_proj,v_proj,16777216,,sum,abs,-0.0008848317927660526,,16777216,f278d328ebcb70b0b57051ca99bedbb76ad8d35254ba613ed8cb6d749c9215e6,True,0.5004955530166626
matrix,8,v_proj,v_proj,16777216,,sum,square,-0.000912134452421682,,16777216,f278d328ebcb70b0b57051ca99bedbb76ad8d35254ba613ed8cb6d749c9215e6,True,0.500440239906311
matrix,8,v_proj,v_proj,16777216,,abs,square,0.994823705098941,,16777216,f278d328ebcb70b0b57051ca99bedbb76ad8d35254ba613ed8cb6d749c9215e6,True,0.02594935894012451
matrix,8,ff_proj,ff_proj,50331648,,sum,abs,-0.00010664193580777568,,50331648,1b1591a439a829d9a49899180254ab4862a7f381350f7e430d27b796890667ab,True,0.5001130700111389
matrix,8,ff_proj,ff_proj,50331648,,sum,square,-0.00020824217055492126,,50331648,1b1591a439a829d9a49899180254ab4862a7f381350f7e430d27b796890667ab,True,0.5001453757286072
matrix,8,ff_proj,ff_proj,50331648,,abs,square,0.9915881176703727,,50331648,1b1591a439a829d9a49899180254ab4862a7f381350f7e430d27b796890667ab,True,0.02971506118774414
matrix,8,up_proj,up_proj,50331648,,sum,abs,-0.0002837701056348845,,50331648,1b1591a439a829d9a49899180254ab4862a7f381350f7e430d27b796890667ab,True,0.5001854300498962
matrix,8,up_proj,up_proj,50331648,,sum,square,-0.00033577356990350003,,50331648,1b1591a439a829d9a49899180254ab4862a7f381350f7e430d27b796890667ab,True,0.5002095103263855
matrix,8,up_proj,up_proj,50331648,,abs,square,0.9935627624465544,,50331648,1b1591a439a829d9a49899180254ab4862a7f381350f7e430d27b796890667ab,True,0.02474057674407959
matrix,9,attn_out,attn_out,16777216,,sum,abs,0.0005305922696180365,,16777216,f278d328ebcb70b0b57051ca99bedbb76ad8d35254ba613ed8cb6d749c9215e6,True,0.49983513355255127
matrix,9,attn_out,attn_out,16777216,,sum,square,0.0005226004477018704,,16777216,f278d328ebcb70b0b57051ca99bedbb76ad8d35254ba613ed8cb6d749c9215e6,True,0.49983489513397217
matrix,9,attn_out,attn_out,16777216,,abs,square,0.9958457601737314,,16777216,f278d328ebcb70b0b57051ca99bedbb76ad8d35254ba613ed8cb6d749c9215e6,True,0.024946928024291992
matrix,9,ff_out,ff_out,50331648,,sum,abs,-0.00040850158852993396,,50331648,1b1591a439a829d9a49899180254ab4862a7f381350f7e430d27b796890667ab,True,0.5001768469810486
matrix,9,ff_out,ff_out,50331648,,sum,square,-0.0004209282451282211,,50331648,1b1591a439a829d9a49899180254ab4862a7f381350f7e430d27b796890667ab,True,0.5001552104949951
matrix,9,ff_out,ff_out,50331648,,abs,square,0.9925187621468703,,50331648,1b1591a439a829d9a49899180254ab4862a7f381350f7e430d27b796890667ab,True,0.02939915657043457
matrix,9,q_proj,q_proj,16777216,,sum,abs,-0.00030290188003178335,,16777216,f278d328ebcb70b0b57051ca99bedbb76ad8d35254ba613ed8cb6d749c9215e6,True,0.5001950263977051
matrix,9,q_proj,q_proj,16777216,,sum,square,-0.00021834096990670646,,16777216,f278d328ebcb70b0b57051ca99bedbb76ad8d35254ba613ed8cb6d749c9215e6,True,0.5001893043518066
matrix,9,q_proj,q_proj,16777216,,abs,square,0.9941327228564122,,16777216,f278d328ebcb70b0b57051ca99bedbb76ad8d35254ba613ed8cb6d749c9215e6,True,0.027196407318115234
matrix,9,k_proj,k_proj,16777216,,sum,abs,7.4539989379433e-05,,16777216,f278d328ebcb70b0b57051ca99bedbb76ad8d35254ba613ed8cb6d749c9215e6,True,0.5000258684158325
matrix,9,k_proj,k_proj,16777216,,sum,square,-5.903103374063574e-05,,16777216,f278d328ebcb70b0b57051ca99bedbb76ad8d35254ba613ed8cb6d749c9215e6,True,0.5000183582305908
matrix,9,k_proj,k_proj,16777216,,abs,square,0.9927048626019043,,16777216,f278d328ebcb70b0b57051ca99bedbb76ad8d35254ba613ed8cb6d749c9215e6,True,0.029329419136047363
matrix,9,v_proj,v_proj,16777216,,sum,abs,0.0003177834976216079,,16777216,f278d328ebcb70b0b57051ca99bedbb76ad8d35254ba613ed8cb6d749c9215e6,True,0.49983417987823486
matrix,9,v_proj,v_proj,16777216,,sum,square,0.0003284594092090059,,16777216,f278d328ebcb70b0b57051ca99bedbb76ad8d35254ba613ed8cb6d749c9215e6,True,0.49981141090393066
matrix,9,v_proj,v_proj,16777216,,abs,square,0.9956962630559196,,16777216,f278d328ebcb70b0b57051ca99bedbb76ad8d35254ba613ed8cb6d749c9215e6,True,0.024479150772094727
matrix,9,ff_proj,ff_proj,50331648,,sum,abs,-0.000830902083306839,,50331648,1b1591a439a829d9a49899180254ab4862a7f381350f7e430d27b796890667ab,True,0.5005530118942261
matrix,9,ff_proj,ff_proj,50331648,,sum,square,-0.0008646870140175557,,50331648,1b1591a439a829d9a49899180254ab4862a7f381350f7e430d27b796890667ab,True,0.5005666017532349
matrix,9,ff_proj,ff_proj,50331648,,abs,square,0.9913583208217169,,50331648,1b1591a439a829d9a49899180254ab4862a7f381350f7e430d27b796890667ab,True,0.029912075027823448
matrix,9,up_proj,up_proj,50331648,,sum,abs,-0.0004804797422726771,,50331648,1b1591a439a829d9a49899180254ab4862a7f381350f7e430d27b796890667ab,True,0.5003305077552795
matrix,9,up_proj,up_proj,50331648,,sum,square,-0.0005117953516683245,,50331648,1b1591a439a829d9a49899180254ab4862a7f381350f7e430d27b796890667ab,True,0.5003132820129395
matrix,9,up_proj,up_proj,50331648,,abs,square,0.9937357691808619,,50331648,1b1591a439a829d9a49899180254ab4862a7f381350f7e430d27b796890667ab,True,0.02455989457666874
matrix,10,attn_out,attn_out,16777216,,sum,abs,0.0006656994647701428,,16777216,f278d328ebcb70b0b57051ca99bedbb76ad8d35254ba613ed8cb6d749c9215e6,True,0.49957501888275146
matrix,10,attn_out,attn_out,16777216,,sum,square,0.0006309681363470235,,16777216,f278d328ebcb70b0b57051ca99bedbb76ad8d35254ba613ed8cb6d749c9215e6,True,0.49964427947998047
matrix,10,attn_out,attn_out,16777216,,abs,square,0.9957034073681797,,16777216,f278d328ebcb70b0b57051ca99bedbb76ad8d35254ba613ed8cb6d749c9215e6,True,0.025116801261901855
matrix,10,ff_out,ff_out,50331648,,sum,abs,-2.8312985294307968e-05,,50331648,1b1591a439a829d9a49899180254ab4862a7f381350f7e430d27b796890667ab,True,0.5000759959220886
matrix,10,ff_out,ff_out,50331648,,sum,square,-7.666362292266033e-05,,50331648,1b1591a439a829d9a49899180254ab4862a7f381350f7e430d27b796890667ab,True,0.500127911567688
matrix,10,ff_out,ff_out,50331648,,abs,square,0.9926772996474347,,50331648,1b1591a439a829d9a49899180254ab4862a7f381350f7e430d27b796890667ab,True,0.029334068298339844
matrix,10,q_proj,q_proj,16777216,,sum,abs,0.001536298416143738,,16777216,f278d328ebcb70b0b57051ca99bedbb76ad8d35254ba613ed8cb6d749c9215e6,True,0.499173641204834
matrix,10,q_proj,q_proj,16777216,,sum,square,0.0014490463594190731,,16777216,f278d328ebcb70b0b57051ca99bedbb76ad8d35254ba613ed8cb6d749c9215e6,True,0.4992072582244873
matrix,10,q_proj,q_proj,16777216,,abs,square,0.9957483818162178,,16777216,f278d328ebcb70b0b57051ca99bedbb76ad8d35254ba613ed8cb6d749c9215e6,True,0.025294899940490723
matrix,10,k_proj,k_proj,16777216,,sum,abs,0.0010584629874577159,,16777216,f278d328ebcb70b0b57051ca99bedbb76ad8d35254ba613ed8cb6d749c9215e6,True,0.4992333650588989
matrix,10,k_proj,k_proj,16777216,,sum,square,0.0009538180828776878,,16777216,f278d328ebcb70b0b57051ca99bedbb76ad8d35254ba613ed8cb6d749c9215e6,True,0.4992433786392212
matrix,10,k_proj,k_proj,16777216,,abs,square,0.9956171203933183,,16777216,f278d328ebcb70b0b57051ca99bedbb76ad8d35254ba613ed8cb6d749c9215e6,True,0.02618587017059326
matrix,10,v_proj,v_proj,16777216,,sum,abs,0.00047666257746456476,,16777216,f278d328ebcb70b0b57051ca99bedbb76ad8d35254ba613ed8cb6d749c9215e6,True,0.49964821338653564
matrix,10,v_proj,v_proj,16777216,,sum,square,0.00043354817102583853,,16777216,f278d328ebcb70b0b57051ca99bedbb76ad8d35254ba613ed8cb6d749c9215e6,True,0.4995872974395752
matrix,10,v_proj,v_proj,16777216,,abs,square,0.9957118571951652,,16777216,f278d328ebcb70b0b57051ca99bedbb76ad8d35254ba613ed8cb6d749c9215e6,True,0.024800419807434082
matrix,10,ff_proj,ff_proj,50331648,,sum,abs,-2.940196756655542e-05,,50331648,1b1591a439a829d9a49899180254ab4862a7f381350f7e430d27b796890667ab,True,0.500137984752655
matrix,10,ff_proj,ff_proj,50331648,,sum,square,-5.7759258996056413e-05,,50331648,1b1591a439a829d9a49899180254ab4862a7f381350f7e430d27b796890667ab,True,0.5001229643821716
matrix,10,ff_proj,ff_proj,50331648,,abs,square,0.991215988285411,,50331648,1b1591a439a829d9a49899180254ab4862a7f381350f7e430d27b796890667ab,True,0.030102849006652832
matrix,10,up_proj,up_proj,50331648,,sum,abs,-0.00014231615310876479,,50331648,1b1591a439a829d9a49899180254ab4862a7f381350f7e430d27b796890667ab,True,0.5001135468482971
matrix,10,up_proj,up_proj,50331648,,sum,square,-0.00018094403801879947,,50331648,1b1591a439a829d9a49899180254ab4862a7f381350f7e430d27b796890667ab,True,0.5001366138458252
matrix,10,up_proj,up_proj,50331648,,abs,square,0.993697593689786,,50331648,1b1591a439a829d9a49899180254ab4862a7f381350f7e430d27b796890667ab,True,0.024860739707946777
matrix,11,attn_out,attn_out,16777216,,sum,abs,-0.00032076470804581156,,16777216,f278d328ebcb70b0b57051ca99bedbb76ad8d35254ba613ed8cb6d749c9215e6,True,0.5001734495162964
matrix,11,attn_out,attn_out,16777216,,sum,square,-0.00029594570276017724,,16777216,f278d328ebcb70b0b57051ca99bedbb76ad8d35254ba613ed8cb6d749c9215e6,True,0.5002378225326538
matrix,11,attn_out,attn_out,16777216,,abs,square,0.99594701292394,,16777216,f278d328ebcb70b0b57051ca99bedbb76ad8d35254ba613ed8cb6d749c9215e6,True,0.02398049831390381
matrix,11,ff_out,ff_out,50331648,,sum,abs,-0.000426398220413412,,50331648,1b1591a439a829d9a49899180254ab4862a7f381350f7e430d27b796890667ab,True,0.5002650022506714
matrix,11,ff_out,ff_out,50331648,,sum,square,-0.00040546438005835536,,50331648,1b1591a439a829d9a49899180254ab4862a7f381350f7e430d27b796890667ab,True,0.5002457499504089
matrix,11,ff_out,ff_out,50331648,,abs,square,0.9922817351165687,,50331648,1b1591a439a829d9a49899180254ab4862a7f381350f7e430d27b796890667ab,True,0.0298133697360754
matrix,11,q_proj,q_proj,16777216,,sum,abs,3.507213279473735e-05,,16777216,f278d328ebcb70b0b57051ca99bedbb76ad8d35254ba613ed8cb6d749c9215e6,True,0.499881386756897
matrix,11,q_proj,q_proj,16777216,,sum,square,9.938747451251139e-05,,16777216,f278d328ebcb70b0b57051ca99bedbb76ad8d35254ba613ed8cb6d749c9215e6,True,0.4998323917388916
matrix,11,q_proj,q_proj,16777216,,abs,square,0.9949391143334667,,16777216,f278d328ebcb70b0b57051ca99bedbb76ad8d35254ba613ed8cb6d749c9215e6,True,0.026766180992126465
matrix,11,k_proj,k_proj,16777216,,sum,abs,-0.00024256982079773454,,16777216,f278d328ebcb70b0b57051ca99bedbb76ad8d35254ba613ed8cb6d749c9215e6,True,0.4997231960296631
matrix,11,k_proj,k_proj,16777216,,sum,square,-0.0001057797596465586,,16777216,f278d328ebcb70b0b57051ca99bedbb76ad8d35254ba613ed8cb6d749c9215e6,True,0.4997715950012207
matrix,11,k_proj,k_proj,16777216,,abs,square,0.9941801157262292,,16777216,f278d328ebcb70b0b57051ca99bedbb76ad8d35254ba613ed8cb6d749c9215e6,True,0.028576135635375977
matrix,11,v_proj,v_proj,16777216,,sum,abs,-0.0003083044684742208,,16777216,f278d328ebcb70b0b57051ca99bedbb76ad8d35254ba613ed8cb6d749c9215e6,True,0.5001201629638672
matrix,11,v_proj,v_proj,16777216,,sum,square,-0.000296480428556105,,16777216,f278d328ebcb70b0b57051ca99bedbb76ad8d35254ba613ed8cb6d749c9215e6,True,0.5000782012939453
matrix,11,v_proj,v_proj,16777216,,abs,square,0.9960098189836469,,16777216,f278d328ebcb70b0b57051ca99bedbb76ad8d35254ba613ed8cb6d749c9215e6,True,0.023943543434143066
matrix,11,ff_proj,ff_proj,50331648,,sum,abs,-0.00013358483038525206,,50331648,1b1591a439a829d9a49899180254ab4862a7f381350f7e430d27b796890667ab,True,0.5001619458198547
matrix,11,ff_proj,ff_proj,50331648,,sum,square,-0.00016963388864809305,,50331648,1b1591a439a829d9a49899180254ab4862a7f381350f7e430d27b796890667ab,True,0.5001491904258728
matrix,11,ff_proj,ff_proj,50331648,,abs,square,0.9911220306162125,,50331648,1b1591a439a829d9a49899180254ab4862a7f381350f7e430d27b796890667ab,True,0.03013002872467041
matrix,11,up_proj,up_proj,50331648,,sum,abs,-0.0002064074824217377,,50331648,1b1591a439a829d9a49899180254ab4862a7f381350f7e430d27b796890667ab,True,0.5001638531684875
matrix,11,up_proj,up_proj,50331648,,sum,square,-0.00020758779697034352,,50331648,1b1591a439a829d9a49899180254ab4862a7f381350f7e430d27b796890667ab,True,0.5001820921897888
matrix,11,up_proj,up_proj,50331648,,abs,square,0.9938100853757955,,50331648,1b1591a439a829d9a49899180254ab4862a7f381350f7e430d27b796890667ab,True,0.02477995492517948
matrix,12,attn_out,attn_out,16777216,,sum,abs,-0.00039418658754849974,,16777216,f278d328ebcb70b0b57051ca99bedbb76ad8d35254ba613ed8cb6d749c9215e6,True,0.5002907514572144
matrix,12,attn_out,attn_out,16777216,,sum,square,-0.0004036149188393573,,16777216,f278d328ebcb70b0b57051ca99bedbb76ad8d35254ba613ed8cb6d749c9215e6,True,0.5002930164337158
matrix,12,attn_out,attn_out,16777216,,abs,square,0.9955619029358512,,16777216,f278d328ebcb70b0b57051ca99bedbb76ad8d35254ba613ed8cb6d749c9215e6,True,0.024445533752441406
matrix,12,ff_out,ff_out,50331648,,sum,abs,3.484829707538516e-05,,50331648,1b1591a439a829d9a49899180254ab4862a7f381350f7e430d27b796890667ab,True,0.5000150799751282
matrix,12,ff_out,ff_out,50331648,,sum,square,-1.7512485402938724e-05,,50331648,1b1591a439a829d9a49899180254ab4862a7f381350f7e430d27b796890667ab,True,0.500047504901886
matrix,12,ff_out,ff_out,50331648,,abs,square,0.9921001813061271,,50331648,1b1591a439a829d9a49899180254ab4862a7f381350f7e430d27b796890667ab,True,0.030374130234122276
matrix,12,q_proj,q_proj,16777216,,sum,abs,0.0002979598355572362,,16777216,f278d328ebcb70b0b57051ca99bedbb76ad8d35254ba613ed8cb6d749c9215e6,True,0.5001528263092041
matrix,12,q_proj,q_proj,16777216,,sum,square,0.00027776713242548345,,16777216,f278d328ebcb70b0b57051ca99bedbb76ad8d35254ba613ed8cb6d749c9215e6,True,0.5001200437545776
matrix,12,q_proj,q_proj,16777216,,abs,square,0.9955482297607713,,16777216,f278d328ebcb70b0b57051ca99bedbb76ad8d35254ba613ed8cb6d749c9215e6,True,0.02549278736114502
matrix,12,k_proj,k_proj,16777216,,sum,abs,0.00010180272214658762,,16777216,f278d328ebcb70b0b57051ca99bedbb76ad8d35254ba613ed8cb6d749c9215e6,True,0.5000237226486206
matrix,12,k_proj,k_proj,16777216,,sum,square,6.189593242118252e-05,,16777216,f278d328ebcb70b0b57051ca99bedbb76ad8d35254ba613ed8cb6d749c9215e6,True,0.49997901916503906
matrix,12,k_proj,k_proj,16777216,,abs,square,0.9949989731796895,,16777216,f278d328ebcb70b0b57051ca99bedbb76ad8d35254ba613ed8cb6d749c9215e6,True,0.02704942226409912
matrix,12,v_proj,v_proj,16777216,,sum,abs,-0.00041623558551900496,,16777216,f278d328ebcb70b0b57051ca99bedbb76ad8d35254ba613ed8cb6d749c9215e6,True,0.5002888441085815
matrix,12,v_proj,v_proj,16777216,,sum,square,-0.00046680900965171215,,16777216,f278d328ebcb70b0b57051ca99bedbb76ad8d35254ba613ed8cb6d749c9215e6,True,0.5003172159194946
matrix,12,v_proj,v_proj,16777216,,abs,square,0.9958716467101891,,16777216,f278d328ebcb70b0b57051ca99bedbb76ad8d35254ba613ed8cb6d749c9215e6,True,0.024515271186828613
matrix,12,ff_proj,ff_proj,50331648,,sum,abs,-0.0006431050769312934,,50331648,1b1591a439a829d9a49899180254ab4862a7f381350f7e430d27b796890667ab,True,0.5004114508628845
matrix,12,ff_proj,ff_proj,50331648,,sum,square,-0.0006780416961644223,,50331648,1b1591a439a829d9a49899180254ab4862a7f381350f7e430d27b796890667ab,True,0.5003974437713623
matrix,12,ff_proj,ff_proj,50331648,,abs,square,0.9902290160304859,,50331648,1b1591a439a829d9a49899180254ab4862a7f381350f7e430d27b796890667ab,True,0.031160911545157433
matrix,12,up_proj,up_proj,50331648,,sum,abs,6.9560323717136166e-06,,50331648,1b1591a439a829d9a49899180254ab4862a7f381350f7e430d27b796890667ab,True,0.5000446438789368
matrix,12,up_proj,up_proj,50331648,,sum,square,-4.61464273333453e-05,,50331648,1b1591a439a829d9a49899180254ab4862a7f381350f7e430d27b796890667ab,True,0.5000452995300293
matrix,12,up_proj,up_proj,50331648,,abs,square,0.9935528646165712,,50331648,1b1591a439a829d9a49899180254ab4862a7f381350f7e430d27b796890667ab,True,0.025639573112130165
matrix,13,attn_out,attn_out,16777216,,sum,abs,-0.00036110440301624636,,16777216,f278d328ebcb70b0b57051ca99bedbb76ad8d35254ba613ed8cb6d749c9215e6,True,0.5003190040588379
matrix,13,attn_out,attn_out,16777216,,sum,square,-0.00037288096452463537,,16777216,f278d328ebcb70b0b57051ca99bedbb76ad8d35254ba613ed8cb6d749c9215e6,True,0.5003291368484497
matrix,13,attn_out,attn_out,16777216,,abs,square,0.9950470831048919,,16777216,f278d328ebcb70b0b57051ca99bedbb76ad8d35254ba613ed8cb6d749c9215e6,True,0.02533400058746338
matrix,13,ff_out,ff_out,50331648,,sum,abs,-4.833619326015974e-05,,50331648,1b1591a439a829d9a49899180254ab4862a7f381350f7e430d27b796890667ab,True,0.500087320804596
matrix,13,ff_out,ff_out,50331648,,sum,square,-6.1658667061207e-05,,50331648,1b1591a439a829d9a49899180254ab4862a7f381350f7e430d27b796890667ab,True,0.5000488758087158
matrix,13,ff_out,ff_out,50331648,,abs,square,0.992635650466233,,50331648,1b1591a439a829d9a49899180254ab4862a7f381350f7e430d27b796890667ab,True,0.02912680245935917
matrix,13,q_proj,q_proj,16777216,,sum,abs,0.0015298364827301307,,16777216,f278d328ebcb70b0b57051ca99bedbb76ad8d35254ba613ed8cb6d749c9215e6,True,0.49945640563964844
matrix,13,q_proj,q_proj,16777216,,sum,square,0.0015445499056164693,,16777216,f278d328ebcb70b0b57051ca99bedbb76ad8d35254ba613ed8cb6d749c9215e6,True,0.4994622468948364
matrix,13,q_proj,q_proj,16777216,,abs,square,0.9950510994546126,,16777216,f278d328ebcb70b0b57051ca99bedbb76ad8d35254ba613ed8cb6d749c9215e6,True,0.026775479316711426
matrix,13,k_proj,k_proj,16777216,,sum,abs,0.001591075868007962,,16777216,f278d328ebcb70b0b57051ca99bedbb76ad8d35254ba613ed8cb6d749c9215e6,True,0.49932730197906494
matrix,13,k_proj,k_proj,16777216,,sum,square,0.00163995322078858,,16777216,f278d328ebcb70b0b57051ca99bedbb76ad8d35254ba613ed8cb6d749c9215e6,True,0.49926984310150146
matrix,13,k_proj,k_proj,16777216,,abs,square,0.9947238680164896,,16777216,f278d328ebcb70b0b57051ca99bedbb76ad8d35254ba613ed8cb6d749c9215e6,True,0.027632594108581543
matrix,13,v_proj,v_proj,16777216,,sum,abs,-0.00020335178358340817,,16777216,f278d328ebcb70b0b57051ca99bedbb76ad8d35254ba613ed8cb6d749c9215e6,True,0.5000418424606323
matrix,13,v_proj,v_proj,16777216,,sum,square,-0.0001878640900280692,,16777216,f278d328ebcb70b0b57051ca99bedbb76ad8d35254ba613ed8cb6d749c9215e6,True,0.5000113248825073
matrix,13,v_proj,v_proj,16777216,,abs,square,0.9951247695869122,,16777216,f278d328ebcb70b0b57051ca99bedbb76ad8d35254ba613ed8cb6d749c9215e6,True,0.024626612663269043
matrix,13,ff_proj,ff_proj,50331648,,sum,abs,-0.0004610267266115387,,50331648,1b1591a439a829d9a49899180254ab4862a7f381350f7e430d27b796890667ab,True,0.5003365874290466
matrix,13,ff_proj,ff_proj,50331648,,sum,square,-0.0005898584296938833,,50331648,1b1591a439a829d9a49899180254ab4862a7f381350f7e430d27b796890667ab,True,0.5003406405448914
matrix,13,ff_proj,ff_proj,50331648,,abs,square,0.9897807263256863,,50331648,1b1591a439a829d9a49899180254ab4862a7f381350f7e430d27b796890667ab,True,0.031628888100385666
matrix,13,up_proj,up_proj,50331648,,sum,abs,8.72112663269959e-05,,50331648,1b1591a439a829d9a49899180254ab4862a7f381350f7e430d27b796890667ab,True,0.4999624788761139
matrix,13,up_proj,up_proj,50331648,,sum,square,1.729485380291934e-05,,50331648,1b1591a439a829d9a49899180254ab4862a7f381350f7e430d27b796890667ab,True,0.4999566972255707
matrix,13,up_proj,up_proj,50331648,,abs,square,0.9933111769545003,,50331648,1b1591a439a829d9a49899180254ab4862a7f381350f7e430d27b796890667ab,True,0.025555690750479698
matrix,14,attn_out,attn_out,16777216,,sum,abs,-0.0006430723752429457,,16777216,f278d328ebcb70b0b57051ca99bedbb76ad8d35254ba613ed8cb6d749c9215e6,True,0.5004607439041138
matrix,14,attn_out,attn_out,16777216,,sum,square,-0.0006216834597551102,,16777216,f278d328ebcb70b0b57051ca99bedbb76ad8d35254ba613ed8cb6d749c9215e6,True,0.5004112720489502
matrix,14,attn_out,attn_out,16777216,,abs,square,0.9958705916359303,,16777216,f278d328ebcb70b0b57051ca99bedbb76ad8d35254ba613ed8cb6d749c9215e6,True,0.023815393447875977
matrix,14,ff_out,ff_out,50331648,,sum,abs,2.9527380508267104e-05,,50331648,1b1591a439a829d9a49899180254ab4862a7f381350f7e430d27b796890667ab,True,0.5000035166740417
matrix,14,ff_out,ff_out,50331648,,sum,square,-1.4289308373967676e-05,,50331648,1b1591a439a829d9a49899180254ab4862a7f381350f7e430d27b796890667ab,True,0.500013530254364
matrix,14,ff_out,ff_out,50331648,,abs,square,0.9927033514563369,,50331648,1b1591a439a829d9a49899180254ab4862a7f381350f7e430d27b796890667ab,True,0.028926372528076172
matrix,14,q_proj,q_proj,16777216,,sum,abs,-0.0005545953302717125,,16777216,f278d328ebcb70b0b57051ca99bedbb76ad8d35254ba613ed8cb6d749c9215e6,True,0.5002449750900269
matrix,14,q_proj,q_proj,16777216,,sum,square,-0.0005449627352409224,,16777216,f278d328ebcb70b0b57051ca99bedbb76ad8d35254ba613ed8cb6d749c9215e6,True,0.5003738403320312
matrix,14,q_proj,q_proj,16777216,,abs,square,0.994366679708723,,16777216,f278d328ebcb70b0b57051ca99bedbb76ad8d35254ba613ed8cb6d749c9215e6,True,0.026659846305847168
matrix,14,k_proj,k_proj,16777216,,sum,abs,-7.334003170283387e-05,,16777216,f278d328ebcb70b0b57051ca99bedbb76ad8d35254ba613ed8cb6d749c9215e6,True,0.49997198581695557
matrix,14,k_proj,k_proj,16777216,,sum,square,4.729555687815663e-06,,16777216,f278d328ebcb70b0b57051ca99bedbb76ad8d35254ba613ed8cb6d749c9215e6,True,0.5000220537185669
matrix,14,k_proj,k_proj,16777216,,abs,square,0.9946171611479786,,16777216,f278d328ebcb70b0b57051ca99bedbb76ad8d35254ba613ed8cb6d749c9215e6,True,0.026714444160461426
matrix,14,v_proj,v_proj,16777216,,sum,abs,-0.000547454211016173,,16777216,f278d328ebcb70b0b57051ca99bedbb76ad8d35254ba613ed8cb6d749c9215e6,True,0.5003525018692017
matrix,14,v_proj,v_proj,16777216,,sum,square,-0.0005251978125973099,,16777216,f278d328ebcb70b0b57051ca99bedbb76ad8d35254ba613ed8cb6d749c9215e6,True,0.5003293752670288
matrix,14,v_proj,v_proj,16777216,,abs,square,0.9953814376622043,,16777216,f278d328ebcb70b0b57051ca99bedbb76ad8d35254ba613ed8cb6d749c9215e6,True,0.02447032928466797
matrix,14,ff_proj,ff_proj,50331648,,sum,abs,-0.00015013193347810817,,50331648,1b1591a439a829d9a49899180254ab4862a7f381350f7e430d27b796890667ab,True,0.5001691579818726
matrix,14,ff_proj,ff_proj,50331648,,sum,square,-0.0002407255938952417,,50331648,1b1591a439a829d9a49899180254ab4862a7f381350f7e430d27b796890667ab,True,0.5001674890518188
matrix,14,ff_proj,ff_proj,50331648,,abs,square,0.9902161436821415,,50331648,1b1591a439a829d9a49899180254ab4862a7f381350f7e430d27b796890667ab,True,0.031155148521065712
matrix,14,up_proj,up_proj,50331648,,sum,abs,1.8039602564261485e-05,,50331648,1b1591a439a829d9a49899180254ab4862a7f381350f7e430d27b796890667ab,True,0.500055193901062
matrix,14,up_proj,up_proj,50331648,,sum,square,-1.1828339490143392e-05,,50331648,1b1591a439a829d9a49899180254ab4862a7f381350f7e430d27b796890667ab,True,0.5000503659248352
matrix,14,up_proj,up_proj,50331648,,abs,square,0.9940633922016321,,50331648,1b1591a439a829d9a49899180254ab4862a7f381350f7e430d27b796890667ab,True,0.02438894845545292
matrix,15,attn_out,attn_out,16777216,,sum,abs,0.0005931820772438054,,16777216,f278d328ebcb70b0b57051ca99bedbb76ad8d35254ba613ed8cb6d749c9215e6,True,0.49958574771881104
matrix,15,attn_out,attn_out,16777216,,sum,square,0.0006146631747105128,,16777216,f278d328ebcb70b0b57051ca99bedbb76ad8d35254ba613ed8cb6d749c9215e6,True,0.49958932399749756
matrix,15,attn_out,attn_out,16777216,,abs,square,0.9957558104891274,,16777216,f278d328ebcb70b0b57051ca99bedbb76ad8d35254ba613ed8cb6d749c9215e6,True,0.023412346839904785
matrix,15,ff_out,ff_out,50331648,,sum,abs,9.754867321969499e-05,,50331648,1b1591a439a829d9a49899180254ab4862a7f381350f7e430d27b796890667ab,True,0.49989572167396545
matrix,15,ff_out,ff_out,50331648,,sum,square,6.976638669114666e-05,,50331648,1b1591a439a829d9a49899180254ab4862a7f381350f7e430d27b796890667ab,True,0.4999444782733917
matrix,15,ff_out,ff_out,50331648,,abs,square,0.9926500006066077,,50331648,1b1591a439a829d9a49899180254ab4862a7f381350f7e430d27b796890667ab,True,0.029260238632559776
matrix,15,q_proj,q_proj,16777216,,sum,abs,0.0006934785843413389,,16777216,f278d328ebcb70b0b57051ca99bedbb76ad8d35254ba613ed8cb6d749c9215e6,True,0.49956953525543213
matrix,15,q_proj,q_proj,16777216,,sum,square,0.0007635042696368001,,16777216,f278d328ebcb70b0b57051ca99bedbb76ad8d35254ba613ed8cb6d749c9215e6,True,0.49954795837402344
matrix,15,q_proj,q_proj,16777216,,abs,square,0.9958549910729474,,16777216,f278d328ebcb70b0b57051ca99bedbb76ad8d35254ba613ed8cb6d749c9215e6,True,0.02565133571624756
matrix,15,k_proj,k_proj,16777216,,sum,abs,0.0006779636830483165,,16777216,f278d328ebcb70b0b57051ca99bedbb76ad8d35254ba613ed8cb6d749c9215e6,True,0.4997023344039917
matrix,15,k_proj,k_proj,16777216,,sum,square,0.0007389073878483158,,16777216,f278d328ebcb70b0b57051ca99bedbb76ad8d35254ba613ed8cb6d749c9215e6,True,0.49969613552093506
matrix,15,k_proj,k_proj,16777216,,abs,square,0.9952839620000488,,16777216,f278d328ebcb70b0b57051ca99bedbb76ad8d35254ba613ed8cb6d749c9215e6,True,0.02647078037261963
matrix,15,v_proj,v_proj,16777216,,sum,abs,0.00019121771469159067,,16777216,f278d328ebcb70b0b57051ca99bedbb76ad8d35254ba613ed8cb6d749c9215e6,True,0.5001441240310669
matrix,15,v_proj,v_proj,16777216,,sum,square,0.00022310754946698025,,16777216,f278d328ebcb70b0b57051ca99bedbb76ad8d35254ba613ed8cb6d749c9215e6,True,0.5001599788665771
matrix,15,v_proj,v_proj,16777216,,abs,square,0.9955629665178453,,16777216,f278d328ebcb70b0b57051ca99bedbb76ad8d35254ba613ed8cb6d749c9215e6,True,0.024004101753234863
matrix,15,ff_proj,ff_proj,50331648,,sum,abs,-0.0004335680398712062,,50331648,1b1591a439a829d9a49899180254ab4862a7f381350f7e430d27b796890667ab,True,0.5002277493476868
matrix,15,ff_proj,ff_proj,50331648,,sum,square,-0.0005364352200418386,,50331648,1b1591a439a829d9a49899180254ab4862a7f381350f7e430d27b796890667ab,True,0.5002403855323792
matrix,15,ff_proj,ff_proj,50331648,,abs,square,0.9908179450153288,,50331648,1b1591a439a829d9a49899180254ab4862a7f381350f7e430d27b796890667ab,True,0.029945850372314453
matrix,15,up_proj,up_proj,50331648,,sum,abs,0.00016199430324853194,,50331648,1b1591a439a829d9a49899180254ab4862a7f381350f7e430d27b796890667ab,True,0.49988654255867004
matrix,15,up_proj,up_proj,50331648,,sum,square,0.00013390737852447238,,50331648,1b1591a439a829d9a49899180254ab4862a7f381350f7e430d27b796890667ab,True,0.4998694658279419
matrix,15,up_proj,up_proj,50331648,,abs,square,0.9933313219233056,,50331648,1b1591a439a829d9a49899180254ab4862a7f381350f7e430d27b796890667ab,True,0.0252861175686121
matrix,16,attn_out,attn_out,16777216,,sum,abs,-0.0004583347800192997,,16777216,f278d328ebcb70b0b57051ca99bedbb76ad8d35254ba613ed8cb6d749c9215e6,True,0.5002607107162476
matrix,16,attn_out,attn_out,16777216,,sum,square,-0.00042146003605364474,,16777216,f278d328ebcb70b0b57051ca99bedbb76ad8d35254ba613ed8cb6d749c9215e6,True,0.5002244710922241
matrix,16,attn_out,attn_out,16777216,,abs,square,0.995453486884996,,16777216,f278d328ebcb70b0b57051ca99bedbb76ad8d35254ba613ed8cb6d749c9215e6,True,0.02393925189971924
matrix,16,ff_out,ff_out,50331648,,sum,abs,8.326174449466556e-05,,50331648,1b1591a439a829d9a49899180254ab4862a7f381350f7e430d27b796890667ab,True,0.4999934434890747
matrix,16,ff_out,ff_out,50331648,,sum,square,2.929718964650859e-05,,50331648,1b1591a439a829d9a49899180254ab4862a7f381350f7e430d27b796890667ab,True,0.5000055432319641
matrix,16,ff_out,ff_out,50331648,,abs,square,0.9929706778588326,,50331648,1b1591a439a829d9a49899180254ab4862a7f381350f7e430d27b796890667ab,True,0.028481245040893555
matrix,16,q_proj,q_proj,16777216,,sum,abs,0.0009583723667974877,,16777216,f278d328ebcb70b0b57051ca99bedbb76ad8d35254ba613ed8cb6d749c9215e6,True,0.49938535690307617
matrix,16,q_proj,q_proj,16777216,,sum,square,0.000979555961555768,,16777216,f278d328ebcb70b0b57051ca99bedbb76ad8d35254ba613ed8cb6d749c9215e6,True,0.49936556816101074
matrix,16,q_proj,q_proj,16777216,,abs,square,0.9955469307964236,,16777216,f278d328ebcb70b0b57051ca99bedbb76ad8d35254ba613ed8cb6d749c9215e6,True,0.02574598789215088
matrix,16,k_proj,k_proj,16777216,,sum,abs,0.0004485359374771358,,16777216,f278d328ebcb70b0b57051ca99bedbb76ad8d35254ba613ed8cb6d749c9215e6,True,0.4996044635772705
matrix,16,k_proj,k_proj,16777216,,sum,square,0.0004928734356163372,,16777216,f278d328ebcb70b0b57051ca99bedbb76ad8d35254ba613ed8cb6d749c9215e6,True,0.49956274032592773
matrix,16,k_proj,k_proj,16777216,,abs,square,0.995252685347947,,16777216,f278d328ebcb70b0b57051ca99bedbb76ad8d35254ba613ed8cb6d749c9215e6,True,0.026235342025756836
matrix,16,v_proj,v_proj,16777216,,sum,abs,-0.00031386141685489774,,16777216,f278d328ebcb70b0b57051ca99bedbb76ad8d35254ba613ed8cb6d749c9215e6,True,0.5001741647720337
matrix,16,v_proj,v_proj,16777216,,sum,square,-0.000331123786832368,,16777216,f278d328ebcb70b0b57051ca99bedbb76ad8d35254ba613ed8cb6d749c9215e6,True,0.5001623630523682
matrix,16,v_proj,v_proj,16777216,,abs,square,0.9948058257241791,,16777216,f278d328ebcb70b0b57051ca99bedbb76ad8d35254ba613ed8cb6d749c9215e6,True,0.024966716766357422
matrix,16,ff_proj,ff_proj,50331648,,sum,abs,-0.0005663071345531434,,50331648,1b1591a439a829d9a49899180254ab4862a7f381350f7e430d27b796890667ab,True,0.5004262328147888
matrix,16,ff_proj,ff_proj,50331648,,sum,square,-0.000702607766088672,,50331648,1b1591a439a829d9a49899180254ab4862a7f381350f7e430d27b796890667ab,True,0.5004180073738098
matrix,16,ff_proj,ff_proj,50331648,,abs,square,0.9904840883632559,,50331648,1b1591a439a829d9a49899180254ab4862a7f381350f7e430d27b796890667ab,True,0.030616799369454384
matrix,16,up_proj,up_proj,50331648,,sum,abs,-7.470459797184509e-05,,50331648,1b1591a439a829d9a49899180254ab4862a7f381350f7e430d27b796890667ab,True,0.49996218085289
matrix,16,up_proj,up_proj,50331648,,sum,square,-0.0001254310428912,,50331648,1b1591a439a829d9a49899180254ab4862a7f381350f7e430d27b796890667ab,True,0.5000056624412537
matrix,16,up_proj,up_proj,50331648,,abs,square,0.9937340248895741,,50331648,1b1591a439a829d9a49899180254ab4862a7f381350f7e430d27b796890667ab,True,0.024255037307739258
matrix,17,attn_out,attn_out,16777216,,sum,abs,-0.00014564948816564734,,16777216,f278d328ebcb70b0b57051ca99bedbb76ad8d35254ba613ed8cb6d749c9215e6,True,0.5000855922698975
matrix,17,attn_out,attn_out,16777216,,sum,square,-0.00014164847347818065,,16777216,f278d328ebcb70b0b57051ca99bedbb76ad8d35254ba613ed8cb6d749c9215e6,True,0.500058650970459
matrix,17,attn_out,attn_out,16777216,,abs,square,0.995312729130817,,16777216,f278d328ebcb70b0b57051ca99bedbb76ad8d35254ba613ed8cb6d749c9215e6,True,0.024042844772338867
matrix,17,ff_out,ff_out,50331648,,sum,abs,-0.0003179642557575519,,50331648,1b1591a439a829d9a49899180254ab4862a7f381350f7e430d27b796890667ab,True,0.500156581401825
matrix,17,ff_out,ff_out,50331648,,sum,square,-0.0003965748393795892,,50331648,1b1591a439a829d9a49899180254ab4862a7f381350f7e430d27b796890667ab,True,0.5001621842384338
matrix,17,ff_out,ff_out,50331648,,abs,square,0.993762955869839,,50331648,1b1591a439a829d9a49899180254ab4862a7f381350f7e430d27b796890667ab,True,0.02719779871404171
matrix,17,q_proj,q_proj,16777216,,sum,abs,0.0006542206188160368,,16777216,f278d328ebcb70b0b57051ca99bedbb76ad8d35254ba613ed8cb6d749c9215e6,True,0.4995107650756836
matrix,17,q_proj,q_proj,16777216,,sum,square,0.0007324989562117292,,16777216,f278d328ebcb70b0b57051ca99bedbb76ad8d35254ba613ed8cb6d749c9215e6,True,0.499477744102478
matrix,17,q_proj,q_proj,16777216,,abs,square,0.9960895014863986,,16777216,f278d328ebcb70b0b57051ca99bedbb76ad8d35254ba613ed8cb6d749c9215e6,True,0.0245358943939209
matrix,17,k_proj,k_proj,16777216,,sum,abs,0.0002807100014329643,,16777216,f278d328ebcb70b0b57051ca99bedbb76ad8d35254ba613ed8cb6d749c9215e6,True,0.49984991550445557
matrix,17,k_proj,k_proj,16777216,,sum,square,0.00026756561713708876,,16777216,f278d328ebcb70b0b57051ca99bedbb76ad8d35254ba613ed8cb6d749c9215e6,True,0.4998832941055298
matrix,17,k_proj,k_proj,16777216,,abs,square,0.9960886114268972,,16777216,f278d328ebcb70b0b57051ca99bedbb76ad8d35254ba613ed8cb6d749c9215e6,True,0.024500727653503418
matrix,17,v_proj,v_proj,16777216,,sum,abs,0.0003452196938125873,,16777216,f278d328ebcb70b0b57051ca99bedbb76ad8d35254ba613ed8cb6d749c9215e6,True,0.4999336004257202
matrix,17,v_proj,v_proj,16777216,,sum,square,0.0004010065715303774,,16777216,f278d328ebcb70b0b57051ca99bedbb76ad8d35254ba613ed8cb6d749c9215e6,True,0.4999483823776245
matrix,17,v_proj,v_proj,16777216,,abs,square,0.9945413512344589,,16777216,f278d328ebcb70b0b57051ca99bedbb76ad8d35254ba613ed8cb6d749c9215e6,True,0.02488231658935547
matrix,17,ff_proj,ff_proj,50331648,,sum,abs,-0.001260435284762663,,50331648,1b1591a439a829d9a49899180254ab4862a7f381350f7e430d27b796890667ab,True,0.5006685853004456
matrix,17,ff_proj,ff_proj,50331648,,sum,square,-0.0014218705102643824,,50331648,1b1591a439a829d9a49899180254ab4862a7f381350f7e430d27b796890667ab,True,0.5006846189498901
matrix,17,ff_proj,ff_proj,50331648,,abs,square,0.990460071460322,,50331648,1b1591a439a829d9a49899180254ab4862a7f381350f7e430d27b796890667ab,True,0.03013741970062256
matrix,17,up_proj,up_proj,50331648,,sum,abs,-0.0006278616578440585,,50331648,1b1591a439a829d9a49899180254ab4862a7f381350f7e430d27b796890667ab,True,0.5004026293754578
matrix,17,up_proj,up_proj,50331648,,sum,square,-0.0006807589293634895,,50331648,1b1591a439a829d9a49899180254ab4862a7f381350f7e430d27b796890667ab,True,0.500425398349762
matrix,17,up_proj,up_proj,50331648,,abs,square,0.9935911751316691,,50331648,1b1591a439a829d9a49899180254ab4862a7f381350f7e430d27b796890667ab,True,0.024166306480765343
matrix,18,attn_out,attn_out,16777216,,sum,abs,0.0003844885763732975,,16777216,f278d328ebcb70b0b57051ca99bedbb76ad8d35254ba613ed8cb6d749c9215e6,True,0.4996122121810913
matrix,18,attn_out,attn_out,16777216,,sum,square,0.0003691927810361424,,16777216,f278d328ebcb70b0b57051ca99bedbb76ad8d35254ba613ed8cb6d749c9215e6,True,0.4997016191482544
matrix,18,attn_out,attn_out,16777216,,abs,square,0.9961979403626682,,16777216,f278d328ebcb70b0b57051ca99bedbb76ad8d35254ba613ed8cb6d749c9215e6,True,0.021772027015686035
matrix,18,ff_out,ff_out,50331648,,sum,abs,0.00024962060533953776,,50331648,1b1591a439a829d9a49899180254ab4862a7f381350f7e430d27b796890667ab,True,0.4998854696750641
matrix,18,ff_out,ff_out,50331648,,sum,square,0.00022856587060978697,,50331648,1b1591a439a829d9a49899180254ab4862a7f381350f7e430d27b796890667ab,True,0.49988505244255066
matrix,18,ff_out,ff_out,50331648,,abs,square,0.994159587032621,,50331648,1b1591a439a829d9a49899180254ab4862a7f381350f7e430d27b796890667ab,True,0.025986313819885254
matrix,18,q_proj,q_proj,16777216,,sum,abs,3.319010778797799e-05,,16777216,f278d328ebcb70b0b57051ca99bedbb76ad8d35254ba613ed8cb6d749c9215e6,True,0.5000934600830078
matrix,18,q_proj,q_proj,16777216,,sum,square,3.808099792120892e-05,,16777216,f278d328ebcb70b0b57051ca99bedbb76ad8d35254ba613ed8cb6d749c9215e6,True,0.5001293420791626
matrix,18,q_proj,q_proj,16777216,,abs,square,0.995318371093411,,16777216,f278d328ebcb70b0b57051ca99bedbb76ad8d35254ba613ed8cb6d749c9215e6,True,0.025591731071472168
matrix,18,k_proj,k_proj,16777216,,sum,abs,-3.9068807744718686e-05,,16777216,f278d328ebcb70b0b57051ca99bedbb76ad8d35254ba613ed8cb6d749c9215e6,True,0.5001143217086792
matrix,18,k_proj,k_proj,16777216,,sum,square,-2.4457300958832826e-05,,16777216,f278d328ebcb70b0b57051ca99bedbb76ad8d35254ba613ed8cb6d749c9215e6,True,0.5001211166381836
matrix,18,k_proj,k_proj,16777216,,abs,square,0.9950654166353915,,16777216,f278d328ebcb70b0b57051ca99bedbb76ad8d35254ba613ed8cb6d749c9215e6,True,0.026007652282714844
matrix,18,v_proj,v_proj,16777216,,sum,abs,0.0007491954498889459,,16777216,f278d328ebcb70b0b57051ca99bedbb76ad8d35254ba613ed8cb6d749c9215e6,True,0.49972593784332275
matrix,18,v_proj,v_proj,16777216,,sum,square,0.0007541999852441767,,16777216,f278d328ebcb70b0b57051ca99bedbb76ad8d35254ba613ed8cb6d749c9215e6,True,0.49964749813079834
matrix,18,v_proj,v_proj,16777216,,abs,square,0.9948286736415375,,16777216,f278d328ebcb70b0b57051ca99bedbb76ad8d35254ba613ed8cb6d749c9215e6,True,0.02369058132171631
matrix,18,ff_proj,ff_proj,50331648,,sum,abs,-0.0010730871713264239,,50331648,1b1591a439a829d9a49899180254ab4862a7f381350f7e430d27b796890667ab,True,0.5007584095001221
matrix,18,ff_proj,ff_proj,50331648,,sum,square,-0.0011007461895153274,,50331648,1b1591a439a829d9a49899180254ab4862a7f381350f7e430d27b796890667ab,True,0.5007185339927673
matrix,18,ff_proj,ff_proj,50331648,,abs,square,0.9907523532424839,,50331648,1b1591a439a829d9a49899180254ab4862a7f381350f7e430d27b796890667ab,True,0.028865179046988487
matrix,18,up_proj,up_proj,50331648,,sum,abs,-6.353205921575064e-05,,50331648,1b1591a439a829d9a49899180254ab4862a7f381350f7e430d27b796890667ab,True,0.5000516772270203
matrix,18,up_proj,up_proj,50331648,,sum,square,-8.434478649805324e-05,,50331648,1b1591a439a829d9a49899180254ab4862a7f381350f7e430d27b796890667ab,True,0.5000939965248108
matrix,18,up_proj,up_proj,50331648,,abs,square,0.9938686547624874,,50331648,1b1591a439a829d9a49899180254ab4862a7f381350f7e430d27b796890667ab,True,0.02298414707183838
matrix,19,attn_out,attn_out,16777216,,sum,abs,0.0004245835230305103,,16777216,f278d328ebcb70b0b57051ca99bedbb76ad8d35254ba613ed8cb6d749c9215e6,True,0.4997779130935669
matrix,19,attn_out,attn_out,16777216,,sum,square,0.00042781112130173884,,16777216,f278d328ebcb70b0b57051ca99bedbb76ad8d35254ba613ed8cb6d749c9215e6,True,0.4997251033782959
matrix,19,attn_out,attn_out,16777216,,abs,square,0.9975057864592821,,16777216,f278d328ebcb70b0b57051ca99bedbb76ad8d35254ba613ed8cb6d749c9215e6,True,0.019127368927001953
matrix,19,ff_out,ff_out,50331648,,sum,abs,0.0002626321610166636,,50331648,1b1591a439a829d9a49899180254ab4862a7f381350f7e430d27b796890667ab,True,0.4999164640903473
matrix,19,ff_out,ff_out,50331648,,sum,square,0.00024520094194671913,,50331648,1b1591a439a829d9a49899180254ab4862a7f381350f7e430d27b796890667ab,True,0.49988558888435364
matrix,19,ff_out,ff_out,50331648,,abs,square,0.9945996527509414,,50331648,1b1591a439a829d9a49899180254ab4862a7f381350f7e430d27b796890667ab,True,0.025001564994454384
matrix,19,q_proj,q_proj,16777216,,sum,abs,0.0008015843436050366,,16777216,f278d328ebcb70b0b57051ca99bedbb76ad8d35254ba613ed8cb6d749c9215e6,True,0.4997192621231079
matrix,19,q_proj,q_proj,16777216,,sum,square,0.0008452285497874838,,16777216,f278d328ebcb70b0b57051ca99bedbb76ad8d35254ba613ed8cb6d749c9215e6,True,0.4997960329055786
matrix,19,q_proj,q_proj,16777216,,abs,square,0.9966089791209528,,16777216,f278d328ebcb70b0b57051ca99bedbb76ad8d35254ba613ed8cb6d749c9215e6,True,0.02289271354675293
matrix,19,k_proj,k_proj,16777216,,sum,abs,0.0008048401476624498,,16777216,f278d328ebcb70b0b57051ca99bedbb76ad8d35254ba613ed8cb6d749c9215e6,True,0.49982213973999023
matrix,19,k_proj,k_proj,16777216,,sum,square,0.0008301207481295007,,16777216,f278d328ebcb70b0b57051ca99bedbb76ad8d35254ba613ed8cb6d749c9215e6,True,0.4997814893722534
matrix,19,k_proj,k_proj,16777216,,abs,square,0.996427907435446,,16777216,f278d328ebcb70b0b57051ca99bedbb76ad8d35254ba613ed8cb6d749c9215e6,True,0.02315211296081543
matrix,19,v_proj,v_proj,16777216,,sum,abs,0.00037516107087003846,,16777216,f278d328ebcb70b0b57051ca99bedbb76ad8d35254ba613ed8cb6d749c9215e6,True,0.49963927268981934
matrix,19,v_proj,v_proj,16777216,,sum,square,0.0004103301064762416,,16777216,f278d328ebcb70b0b57051ca99bedbb76ad8d35254ba613ed8cb6d749c9215e6,True,0.4996449947357178
matrix,19,v_proj,v_proj,16777216,,abs,square,0.9970312818546876,,16777216,f278d328ebcb70b0b57051ca99bedbb76ad8d35254ba613ed8cb6d749c9215e6,True,0.01973867416381836
matrix,19,ff_proj,ff_proj,50331648,,sum,abs,3.8050897355946545e-05,,50331648,1b1591a439a829d9a49899180254ab4862a7f381350f7e430d27b796890667ab,True,0.5001652240753174
matrix,19,ff_proj,ff_proj,50331648,,sum,square,3.345180145210231e-06,,50331648,1b1591a439a829d9a49899180254ab4862a7f381350f7e430d27b796890667ab,True,0.5002183318138123
matrix,19,ff_proj,ff_proj,50331648,,abs,square,0.9916988955485981,,50331648,1b1591a439a829d9a49899180254ab4862a7f381350f7e430d27b796890667ab,True,0.027439197525382042
matrix,19,up_proj,up_proj,50331648,,sum,abs,0.00023391170426124137,,50331648,1b1591a439a829d9a49899180254ab4862a7f381350f7e430d27b796890667ab,True,0.49997588992118835
matrix,19,up_proj,up_proj,50331648,,sum,square,0.0002649921834701959,,50331648,1b1591a439a829d9a49899180254ab4862a7f381350f7e430d27b796890667ab,True,0.4999721348285675
matrix,19,up_proj,up_proj,50331648,,abs,square,0.9945910087243198,,50331648,1b1591a439a829d9a49899180254ab4862a7f381350f7e430d27b796890667ab,True,0.021891554817557335
matrix,20,attn_out,attn_out,16777216,,sum,abs,-0.00040724332892793573,,16777216,f278d328ebcb70b0b57051ca99bedbb76ad8d35254ba613ed8cb6d749c9215e6,True,0.5003069639205933
matrix,20,attn_out,attn_out,16777216,,sum,square,-0.00039376657158469503,,16777216,f278d328ebcb70b0b57051ca99bedbb76ad8d35254ba613ed8cb6d749c9215e6,True,0.5003256797790527
matrix,20,attn_out,attn_out,16777216,,abs,square,0.9977435567624074,,16777216,f278d328ebcb70b0b57051ca99bedbb76ad8d35254ba613ed8cb6d749c9215e6,True,0.018265843391418457
matrix,20,ff_out,ff_out,50331648,,sum,abs,1.3089663215274279e-05,,50331648,1b1591a439a829d9a49899180254ab4862a7f381350f7e430d27b796890667ab,True,0.49999770522117615
matrix,20,ff_out,ff_out,50331648,,sum,square,-3.454174281208326e-05,,50331648,1b1591a439a829d9a49899180254ab4862a7f381350f7e430d27b796890667ab,True,0.5000306963920593
matrix,20,ff_out,ff_out,50331648,,abs,square,0.9944367294137465,,50331648,1b1591a439a829d9a49899180254ab4862a7f381350f7e430d27b796890667ab,True,0.02524212934076786
matrix,20,q_proj,q_proj,16777216,,sum,abs,0.0004679665065065764,,16777216,f278d328ebcb70b0b57051ca99bedbb76ad8d35254ba613ed8cb6d749c9215e6,True,0.5000461339950562
matrix,20,q_proj,q_proj,16777216,,sum,square,0.000470933069550837,,16777216,f278d328ebcb70b0b57051ca99bedbb76ad8d35254ba613ed8cb6d749c9215e6,True,0.5000753402709961
matrix,20,q_proj,q_proj,16777216,,abs,square,0.9969690877515818,,16777216,f278d328ebcb70b0b57051ca99bedbb76ad8d35254ba613ed8cb6d749c9215e6,True,0.021349191665649414
matrix,20,k_proj,k_proj,16777216,,sum,abs,0.0001671522556649605,,16777216,f278d328ebcb70b0b57051ca99bedbb76ad8d35254ba613ed8cb6d749c9215e6,True,0.5000711679458618
matrix,20,k_proj,k_proj,16777216,,sum,square,0.00015826369874187565,,16777216,f278d328ebcb70b0b57051ca99bedbb76ad8d35254ba613ed8cb6d749c9215e6,True,0.5000828504562378
matrix,20,k_proj,k_proj,16777216,,abs,square,0.9968064584879901,,16777216,f278d328ebcb70b0b57051ca99bedbb76ad8d35254ba613ed8cb6d749c9215e6,True,0.02176964282989502
matrix,20,v_proj,v_proj,16777216,,sum,abs,-0.0005260382906492798,,16777216,f278d328ebcb70b0b57051ca99bedbb76ad8d35254ba613ed8cb6d749c9215e6,True,0.5003315210342407
matrix,20,v_proj,v_proj,16777216,,sum,square,-0.0005209590708441074,,16777216,f278d328ebcb70b0b57051ca99bedbb76ad8d35254ba613ed8cb6d749c9215e6,True,0.5002913475036621
matrix,20,v_proj,v_proj,16777216,,abs,square,0.9972257172105268,,16777216,f278d328ebcb70b0b57051ca99bedbb76ad8d35254ba613ed8cb6d749c9215e6,True,0.01889193058013916
matrix,20,ff_proj,ff_proj,50331648,,sum,abs,-0.00015137096445138994,,50331648,1b1591a439a829d9a49899180254ab4862a7f381350f7e430d27b796890667ab,True,0.5002999901771545
matrix,20,ff_proj,ff_proj,50331648,,sum,square,-0.00026599637615497154,,50331648,1b1591a439a829d9a49899180254ab4862a7f381350f7e430d27b796890667ab,True,0.5002954006195068
matrix,20,ff_proj,ff_proj,50331648,,abs,square,0.9916849341058462,,50331648,1b1591a439a829d9a49899180254ab4862a7f381350f7e430d27b796890667ab,True,0.026976266875863075
matrix,20,up_proj,up_proj,50331648,,sum,abs,4.1894581147610194e-05,,50331648,1b1591a439a829d9a49899180254ab4862a7f381350f7e430d27b796890667ab,True,0.5000277757644653
matrix,20,up_proj,up_proj,50331648,,sum,square,1.674983614636795e-05,,50331648,1b1591a439a829d9a49899180254ab4862a7f381350f7e430d27b796890667ab,True,0.5000279545783997
matrix,20,up_proj,up_proj,50331648,,abs,square,0.9941455584265191,,50331648,1b1591a439a829d9a49899180254ab4862a7f381350f7e430d27b796890667ab,True,0.021948376670479774
matrix,21,attn_out,attn_out,16777216,,sum,abs,-0.00036692887811195244,,16777216,f278d328ebcb70b0b57051ca99bedbb76ad8d35254ba613ed8cb6d749c9215e6,True,0.5001474618911743
matrix,21,attn_out,attn_out,16777216,,sum,square,-0.0003924377504843912,,16777216,f278d328ebcb70b0b57051ca99bedbb76ad8d35254ba613ed8cb6d749c9215e6,True,0.5001468658447266
matrix,21,attn_out,attn_out,16777216,,abs,square,0.9981153938981524,,16777216,f278d328ebcb70b0b57051ca99bedbb76ad8d35254ba613ed8cb6d749c9215e6,True,0.01706695556640625
matrix,21,ff_out,ff_out,50331648,,sum,abs,-0.00012419970845771274,,50331648,1b1591a439a829d9a49899180254ab4862a7f381350f7e430d27b796890667ab,True,0.5000779032707214
matrix,21,ff_out,ff_out,50331648,,sum,square,-0.0001504825564645589,,50331648,1b1591a439a829d9a49899180254ab4862a7f381350f7e430d27b796890667ab,True,0.5000731348991394
matrix,21,ff_out,ff_out,50331648,,abs,square,0.9944089920468192,,50331648,1b1591a439a829d9a49899180254ab4862a7f381350f7e430d27b796890667ab,True,0.0255406703799963
matrix,21,q_proj,q_proj,16777216,,sum,abs,-0.0003363196161633661,,16777216,f278d328ebcb70b0b57051ca99bedbb76ad8d35254ba613ed8cb6d749c9215e6,True,0.5003260374069214
matrix,21,q_proj,q_proj,16777216,,sum,square,-0.0002588750979131386,,16777216,f278d328ebcb70b0b57051ca99bedbb76ad8d35254ba613ed8cb6d749c9215e6,True,0.5003536939620972
matrix,21,q_proj,q_proj,16777216,,abs,square,0.9975774247243548,,16777216,f278d328ebcb70b0b57051ca99bedbb76ad8d35254ba613ed8cb6d749c9215e6,True,0.0203782320022583
matrix,21,k_proj,k_proj,16777216,,sum,abs,-0.0007569580847214274,,16777216,f278d328ebcb70b0b57051ca99bedbb76ad8d35254ba613ed8cb6d749c9215e6,True,0.5004369020462036
matrix,21,k_proj,k_proj,16777216,,sum,square,-0.0007175405091208582,,16777216,f278d328ebcb70b0b57051ca99bedbb76ad8d35254ba613ed8cb6d749c9215e6,True,0.5004332065582275
matrix,21,k_proj,k_proj,16777216,,abs,square,0.9973733547654303,,16777216,f278d328ebcb70b0b57051ca99bedbb76ad8d35254ba613ed8cb6d749c9215e6,True,0.02092146873474121
matrix,21,v_proj,v_proj,16777216,,sum,abs,-0.0006409004493055048,,16777216,f278d328ebcb70b0b57051ca99bedbb76ad8d35254ba613ed8cb6d749c9215e6,True,0.5003578662872314
matrix,21,v_proj,v_proj,16777216,,sum,square,-0.0006532003026503148,,16777216,f278d328ebcb70b0b57051ca99bedbb76ad8d35254ba613ed8cb6d749c9215e6,True,0.5003732442855835
matrix,21,v_proj,v_proj,16777216,,abs,square,0.9977400611032077,,16777216,f278d328ebcb70b0b57051ca99bedbb76ad8d35254ba613ed8cb6d749c9215e6,True,0.017815113067626953
matrix,21,ff_proj,ff_proj,50331648,,sum,abs,-0.0007883941929234823,,50331648,1b1591a439a829d9a49899180254ab4862a7f381350f7e430d27b796890667ab,True,0.5006411671638489
matrix,21,ff_proj,ff_proj,50331648,,sum,square,-0.0008570957858391831,,50331648,1b1591a439a829d9a49899180254ab4862a7f381350f7e430d27b796890667ab,True,0.5006633400917053
matrix,21,ff_proj,ff_proj,50331648,,abs,square,0.9912535036970013,,50331648,1b1591a439a829d9a49899180254ab4862a7f381350f7e430d27b796890667ab,True,0.02750805951654911
matrix,21,up_proj,up_proj,50331648,,sum,abs,-0.00020254035096772905,,50331648,1b1591a439a829d9a49899180254ab4862a7f381350f7e430d27b796890667ab,True,0.5001562237739563
matrix,21,up_proj,up_proj,50331648,,sum,square,-0.0001969399245712362,,50331648,1b1591a439a829d9a49899180254ab4862a7f381350f7e430d27b796890667ab,True,0.5001442432403564
matrix,21,up_proj,up_proj,50331648,,abs,square,0.9938218424948773,,50331648,1b1591a439a829d9a49899180254ab4862a7f381350f7e430d27b796890667ab,True,0.022264758124947548
matrix,22,attn_out,attn_out,16777216,,sum,abs,-0.00014073337987868223,,16777216,f278d328ebcb70b0b57051ca99bedbb76ad8d35254ba613ed8cb6d749c9215e6,True,0.5000406503677368
matrix,22,attn_out,attn_out,16777216,,sum,square,-0.00016223497136394496,,16777216,f278d328ebcb70b0b57051ca99bedbb76ad8d35254ba613ed8cb6d749c9215e6,True,0.5000886917114258
matrix,22,attn_out,attn_out,16777216,,abs,square,0.9976449207711737,,16777216,f278d328ebcb70b0b57051ca99bedbb76ad8d35254ba613ed8cb6d749c9215e6,True,0.018584847450256348
matrix,22,ff_out,ff_out,50331648,,sum,abs,6.85739956532456e-05,,50331648,1b1591a439a829d9a49899180254ab4862a7f381350f7e430d27b796890667ab,True,0.4999599754810333
matrix,22,ff_out,ff_out,50331648,,sum,square,3.7497221165590647e-05,,50331648,1b1591a439a829d9a49899180254ab4862a7f381350f7e430d27b796890667ab,True,0.4999724328517914
matrix,22,ff_out,ff_out,50331648,,abs,square,0.9939575769882855,,50331648,1b1591a439a829d9a49899180254ab4862a7f381350f7e430d27b796890667ab,True,0.026248851791024208
matrix,22,q_proj,q_proj,16777216,,sum,abs,0.0009162617288084807,,16777216,f278d328ebcb70b0b57051ca99bedbb76ad8d35254ba613ed8cb6d749c9215e6,True,0.49946749210357666
matrix,22,q_proj,q_proj,16777216,,sum,square,0.0009417634987383148,,16777216,f278d328ebcb70b0b57051ca99bedbb76ad8d35254ba613ed8cb6d749c9215e6,True,0.49950408935546875
matrix,22,q_proj,q_proj,16777216,,abs,square,0.9961888120575286,,16777216,f278d328ebcb70b0b57051ca99bedbb76ad8d35254ba613ed8cb6d749c9215e6,True,0.02122318744659424
matrix,22,k_proj,k_proj,16777216,,sum,abs,0.0007781167350272781,,16777216,f278d328ebcb70b0b57051ca99bedbb76ad8d35254ba613ed8cb6d749c9215e6,True,0.4995051622390747
matrix,22,k_proj,k_proj,16777216,,sum,square,0.000814732554652468,,16777216,f278d328ebcb70b0b57051ca99bedbb76ad8d35254ba613ed8cb6d749c9215e6,True,0.4995843172073364
matrix,22,k_proj,k_proj,16777216,,abs,square,0.9960996487157487,,16777216,f278d328ebcb70b0b57051ca99bedbb76ad8d35254ba613ed8cb6d749c9215e6,True,0.021629929542541504
matrix,22,v_proj,v_proj,16777216,,sum,abs,-0.00020968184050144985,,16777216,f278d328ebcb70b0b57051ca99bedbb76ad8d35254ba613ed8cb6d749c9215e6,True,0.50014328956604
matrix,22,v_proj,v_proj,16777216,,sum,square,-0.00025218595863149795,,16777216,f278d328ebcb70b0b57051ca99bedbb76ad8d35254ba613ed8cb6d749c9215e6,True,0.5001555681228638
matrix,22,v_proj,v_proj,16777216,,abs,square,0.9973556748472834,,16777216,f278d328ebcb70b0b57051ca99bedbb76ad8d35254ba613ed8cb6d749c9215e6,True,0.01871180534362793
matrix,22,ff_proj,ff_proj,50331648,,sum,abs,-0.0008748682742522495,,50331648,1b1591a439a829d9a49899180254ab4862a7f381350f7e430d27b796890667ab,True,0.5007176399230957
matrix,22,ff_proj,ff_proj,50331648,,sum,square,-0.0009481795440087115,,50331648,1b1591a439a829d9a49899180254ab4862a7f381350f7e430d27b796890667ab,True,0.5006962418556213
matrix,22,ff_proj,ff_proj,50331648,,abs,square,0.9903727892453538,,50331648,1b1591a439a829d9a49899180254ab4862a7f381350f7e430d27b796890667ab,True,0.028046250343322754
matrix,22,up_proj,up_proj,50331648,,sum,abs,0.00013972996764043252,,50331648,1b1591a439a829d9a49899180254ab4862a7f381350f7e430d27b796890667ab,True,0.4998819828033447
matrix,22,up_proj,up_proj,50331648,,sum,square,0.00013071284598320922,,50331648,1b1591a439a829d9a49899180254ab4862a7f381350f7e430d27b796890667ab,True,0.4998883306980133
matrix,22,up_proj,up_proj,50331648,,abs,square,0.9933682836530711,,50331648,1b1591a439a829d9a49899180254ab4862a7f381350f7e430d27b796890667ab,True,0.022780856117606163
matrix,23,attn_out,attn_out,16777216,,sum,abs,-0.00014718527915422657,,16777216,f278d328ebcb70b0b57051ca99bedbb76ad8d35254ba613ed8cb6d749c9215e6,True,0.5002244710922241
matrix,23,attn_out,attn_out,16777216,,sum,square,-0.00013985812133927687,,16777216,f278d328ebcb70b0b57051ca99bedbb76ad8d35254ba613ed8cb6d749c9215e6,True,0.5002104043960571
matrix,23,attn_out,attn_out,16777216,,abs,square,0.9979487001477321,,16777216,f278d328ebcb70b0b57051ca99bedbb76ad8d35254ba613ed8cb6d749c9215e6,True,0.01775360107421875
matrix,23,ff_out,ff_out,50331648,,sum,abs,-8.401450846912352e-05,,50331648,1b1591a439a829d9a49899180254ab4862a7f381350f7e430d27b796890667ab,True,0.4999992549419403
matrix,23,ff_out,ff_out,50331648,,sum,square,-0.00013562489133982176,,50331648,1b1591a439a829d9a49899180254ab4862a7f381350f7e430d27b796890667ab,True,0.5000128149986267
matrix,23,ff_out,ff_out,50331648,,abs,square,0.993497625783024,,50331648,1b1591a439a829d9a49899180254ab4862a7f381350f7e430d27b796890667ab,True,0.02722465991973877
matrix,23,q_proj,q_proj,16777216,,sum,abs,0.001823945644717188,,16777216,f278d328ebcb70b0b57051ca99bedbb76ad8d35254ba613ed8cb6d749c9215e6,True,0.4990696907043457
matrix,23,q_proj,q_proj,16777216,,sum,square,0.0018864912330255053,,16777216,f278d328ebcb70b0b57051ca99bedbb76ad8d35254ba613ed8cb6d749c9215e6,True,0.4991084337234497
matrix,23,q_proj,q_proj,16777216,,abs,square,0.9972514312165253,,16777216,f278d328ebcb70b0b57051ca99bedbb76ad8d35254ba613ed8cb6d749c9215e6,True,0.020671844482421875
matrix,23,k_proj,k_proj,16777216,,sum,abs,0.0014320900579273504,,16777216,f278d328ebcb70b0b57051ca99bedbb76ad8d35254ba613ed8cb6d749c9215e6,True,0.4992026090621948
matrix,23,k_proj,k_proj,16777216,,sum,square,0.0014658891413138605,,16777216,f278d328ebcb70b0b57051ca99bedbb76ad8d35254ba613ed8cb6d749c9215e6,True,0.4992328882217407
matrix,23,k_proj,k_proj,16777216,,abs,square,0.9972115392997581,,16777216,f278d328ebcb70b0b57051ca99bedbb76ad8d35254ba613ed8cb6d749c9215e6,True,0.020842909812927246
matrix,23,v_proj,v_proj,16777216,,sum,abs,0.00019367838648560299,,16777216,f278d328ebcb70b0b57051ca99bedbb76ad8d35254ba613ed8cb6d749c9215e6,True,0.4998718500137329
matrix,23,v_proj,v_proj,16777216,,sum,square,0.0001784254939193129,,16777216,f278d328ebcb70b0b57051ca99bedbb76ad8d35254ba613ed8cb6d749c9215e6,True,0.49981069564819336
matrix,23,v_proj,v_proj,16777216,,abs,square,0.9979202863744783,,16777216,f278d328ebcb70b0b57051ca99bedbb76ad8d35254ba613ed8cb6d749c9215e6,True,0.017577528953552246
matrix,23,ff_proj,ff_proj,50331648,,sum,abs,-0.0008959854806142439,,50331648,1b1591a439a829d9a49899180254ab4862a7f381350f7e430d27b796890667ab,True,0.5008832216262817
matrix,23,ff_proj,ff_proj,50331648,,sum,square,-0.001060891632544135,,50331648,1b1591a439a829d9a49899180254ab4862a7f381350f7e430d27b796890667ab,True,0.5009318590164185
matrix,23,ff_proj,ff_proj,50331648,,abs,square,0.9899401544915793,,50331648,1b1591a439a829d9a49899180254ab4862a7f381350f7e430d27b796890667ab,True,0.028975963592529297
matrix,23,up_proj,up_proj,50331648,,sum,abs,6.0454666998537715e-06,,50331648,1b1591a439a829d9a49899180254ab4862a7f381350f7e430d27b796890667ab,True,0.5000682473182678
matrix,23,up_proj,up_proj,50331648,,sum,square,-4.05812754858383e-05,,50331648,1b1591a439a829d9a49899180254ab4862a7f381350f7e430d27b796890667ab,True,0.5000548958778381
matrix,23,up_proj,up_proj,50331648,,abs,square,0.9929769189184391,,50331648,1b1591a439a829d9a49899180254ab4862a7f381350f7e430d27b796890667ab,True,0.02304617501795292
matrix,24,attn_out,attn_out,16777216,,sum,abs,-0.0006681863949383069,,16777216,f278d328ebcb70b0b57051ca99bedbb76ad8d35254ba613ed8cb6d749c9215e6,True,0.5003417730331421
matrix,24,attn_out,attn_out,16777216,,sum,square,-0.0006899543373610435,,16777216,f278d328ebcb70b0b57051ca99bedbb76ad8d35254ba613ed8cb6d749c9215e6,True,0.5003683567047119
matrix,24,attn_out,attn_out,16777216,,abs,square,0.9976352232330342,,16777216,f278d328ebcb70b0b57051ca99bedbb76ad8d35254ba613ed8cb6d749c9215e6,True,0.018174290657043457
matrix,24,ff_out,ff_out,50331648,,sum,abs,0.00024242682237642226,,50331648,1b1591a439a829d9a49899180254ab4862a7f381350f7e430d27b796890667ab,True,0.4998738765716553
matrix,24,ff_out,ff_out,50331648,,sum,square,0.00019796242789943844,,50331648,1b1591a439a829d9a49899180254ab4862a7f381350f7e430d27b796890667ab,True,0.49985185265541077
matrix,24,ff_out,ff_out,50331648,,abs,square,0.992212345889639,,50331648,1b1591a439a829d9a49899180254ab4862a7f381350f7e430d27b796890667ab,True,0.02986232377588749
matrix,24,q_proj,q_proj,16777216,,sum,abs,-0.00026104135223241044,,16777216,f278d328ebcb70b0b57051ca99bedbb76ad8d35254ba613ed8cb6d749c9215e6,True,0.4998471736907959
matrix,24,q_proj,q_proj,16777216,,sum,square,-0.00022743351292677812,,16777216,f278d328ebcb70b0b57051ca99bedbb76ad8d35254ba613ed8cb6d749c9215e6,True,0.4998471736907959
matrix,24,q_proj,q_proj,16777216,,abs,square,0.9971220409001484,,16777216,f278d328ebcb70b0b57051ca99bedbb76ad8d35254ba613ed8cb6d749c9215e6,True,0.02031862735748291
matrix,24,k_proj,k_proj,16777216,,sum,abs,-0.00014801025995626034,,16777216,f278d328ebcb70b0b57051ca99bedbb76ad8d35254ba613ed8cb6d749c9215e6,True,0.4998713731765747
matrix,24,k_proj,k_proj,16777216,,sum,square,-0.00010879427680296179,,16777216,f278d328ebcb70b0b57051ca99bedbb76ad8d35254ba613ed8cb6d749c9215e6,True,0.49989306926727295
matrix,24,k_proj,k_proj,16777216,,abs,square,0.9968642759085314,,16777216,f278d328ebcb70b0b57051ca99bedbb76ad8d35254ba613ed8cb6d749c9215e6,True,0.020836353302001953
matrix,24,v_proj,v_proj,16777216,,sum,abs,-0.0009194237707707308,,16777216,f278d328ebcb70b0b57051ca99bedbb76ad8d35254ba613ed8cb6d749c9215e6,True,0.5004457235336304
matrix,24,v_proj,v_proj,16777216,,sum,square,-0.0009489874343534564,,16777216,f278d328ebcb70b0b57051ca99bedbb76ad8d35254ba613ed8cb6d749c9215e6,True,0.5004230737686157
matrix,24,v_proj,v_proj,16777216,,abs,square,0.9974973536216605,,16777216,f278d328ebcb70b0b57051ca99bedbb76ad8d35254ba613ed8cb6d749c9215e6,True,0.017574310302734375
matrix,24,ff_proj,ff_proj,50331648,,sum,abs,-0.0009016296227985924,,50331648,1b1591a439a829d9a49899180254ab4862a7f381350f7e430d27b796890667ab,True,0.5008729696273804
matrix,24,ff_proj,ff_proj,50331648,,sum,square,-0.0009591012287405964,,50331648,1b1591a439a829d9a49899180254ab4862a7f381350f7e430d27b796890667ab,True,0.5008611679077148
matrix,24,ff_proj,ff_proj,50331648,,abs,square,0.989512779284825,,50331648,1b1591a439a829d9a49899180254ab4862a7f381350f7e430d27b796890667ab,True,0.02974204160273075
matrix,24,up_proj,up_proj,50331648,,sum,abs,-0.00023657979186270412,,50331648,1b1591a439a829d9a49899180254ab4862a7f381350f7e430d27b796890667ab,True,0.5001868605613708
matrix,24,up_proj,up_proj,50331648,,sum,square,-0.00022490476811678258,,50331648,1b1591a439a829d9a49899180254ab4862a7f381350f7e430d27b796890667ab,True,0.500167191028595
matrix,24,up_proj,up_proj,50331648,,abs,square,0.9919718241618233,,50331648,1b1591a439a829d9a49899180254ab4862a7f381350f7e430d27b796890667ab,True,0.024548688903450966
matrix,25,attn_out,attn_out,16777216,,sum,abs,-0.0013282609907204063,,16777216,f278d328ebcb70b0b57051ca99bedbb76ad8d35254ba613ed8cb6d749c9215e6,True,0.5005569458007812
matrix,25,attn_out,attn_out,16777216,,sum,square,-0.0013796237120058462,,16777216,f278d328ebcb70b0b57051ca99bedbb76ad8d35254ba613ed8cb6d749c9215e6,True,0.5005884170532227
matrix,25,attn_out,attn_out,16777216,,abs,square,0.9969470250425116,,16777216,f278d328ebcb70b0b57051ca99bedbb76ad8d35254ba613ed8cb6d749c9215e6,True,0.020461440086364746
matrix,25,ff_out,ff_out,50331648,,sum,abs,2.4509725887460083e-05,,50331648,1b1591a439a829d9a49899180254ab4862a7f381350f7e430d27b796890667ab,True,0.4999631345272064
matrix,25,ff_out,ff_out,50331648,,sum,square,-1.4061857376820956e-05,,50331648,1b1591a439a829d9a49899180254ab4862a7f381350f7e430d27b796890667ab,True,0.4999825954437256
matrix,25,ff_out,ff_out,50331648,,abs,square,0.9901804806856066,,50331648,1b1591a439a829d9a49899180254ab4862a7f381350f7e430d27b796890667ab,True,0.034842610359191895
matrix,25,q_proj,q_proj,16777216,,sum,abs,0.00025985877553248384,,16777216,f278d328ebcb70b0b57051ca99bedbb76ad8d35254ba613ed8cb6d749c9215e6,True,0.49976909160614014
matrix,25,q_proj,q_proj,16777216,,sum,square,0.00030300185661433053,,16777216,f278d328ebcb70b0b57051ca99bedbb76ad8d35254ba613ed8cb6d749c9215e6,True,0.49973583221435547
matrix,25,q_proj,q_proj,16777216,,abs,square,0.9959939583578719,,16777216,f278d328ebcb70b0b57051ca99bedbb76ad8d35254ba613ed8cb6d749c9215e6,True,0.02291727066040039
matrix,25,k_proj,k_proj,16777216,,sum,abs,0.0007277948686229866,,16777216,f278d328ebcb70b0b57051ca99bedbb76ad8d35254ba613ed8cb6d749c9215e6,True,0.4995441436767578
matrix,25,k_proj,k_proj,16777216,,sum,square,0.0007108700592149442,,16777216,f278d328ebcb70b0b57051ca99bedbb76ad8d35254ba613ed8cb6d749c9215e6,True,0.4995748996734619
matrix,25,k_proj,k_proj,16777216,,abs,square,0.9958060538686498,,16777216,f278d328ebcb70b0b57051ca99bedbb76ad8d35254ba613ed8cb6d749c9215e6,True,0.023130297660827637
matrix,25,v_proj,v_proj,16777216,,sum,abs,-0.0015091301523356027,,16777216,f278d328ebcb70b0b57051ca99bedbb76ad8d35254ba613ed8cb6d749c9215e6,True,0.5005156993865967
matrix,25,v_proj,v_proj,16777216,,sum,square,-0.0015479808535796174,,16777216,f278d328ebcb70b0b57051ca99bedbb76ad8d35254ba613ed8cb6d749c9215e6,True,0.5005310773849487
matrix,25,v_proj,v_proj,16777216,,abs,square,0.9969156027705063,,16777216,f278d328ebcb70b0b57051ca99bedbb76ad8d35254ba613ed8cb6d749c9215e6,True,0.019362926483154297
matrix,25,ff_proj,ff_proj,50331648,,sum,abs,-0.0012029173968296765,,50331648,1b1591a439a829d9a49899180254ab4862a7f381350f7e430d27b796890667ab,True,0.5008264780044556
matrix,25,ff_proj,ff_proj,50331648,,sum,square,-0.0011796311908996568,,50331648,1b1591a439a829d9a49899180254ab4862a7f381350f7e430d27b796890667ab,True,0.5008409023284912
matrix,25,ff_proj,ff_proj,50331648,,abs,square,0.9895610704137656,,50331648,1b1591a439a829d9a49899180254ab4862a7f381350f7e430d27b796890667ab,True,0.03079179860651493
matrix,25,up_proj,up_proj,50331648,,sum,abs,-0.00037033882704126154,,50331648,1b1591a439a829d9a49899180254ab4862a7f381350f7e430d27b796890667ab,True,0.5002560019493103
matrix,25,up_proj,up_proj,50331648,,sum,square,-0.0003682888987455112,,50331648,1b1591a439a829d9a49899180254ab4862a7f381350f7e430d27b796890667ab,True,0.5002455711364746
matrix,25,up_proj,up_proj,50331648,,abs,square,0.9907671704304672,,50331648,1b1591a439a829d9a49899180254ab4862a7f381350f7e430d27b796890667ab,True,0.02672000788152218
matrix,26,attn_out,attn_out,16777216,,sum,abs,-0.0006326691457313138,,16777216,f278d328ebcb70b0b57051ca99bedbb76ad8d35254ba613ed8cb6d749c9215e6,True,0.5003433227539062
matrix,26,attn_out,attn_out,16777216,,sum,square,-0.0006597422453595227,,16777216,f278d328ebcb70b0b57051ca99bedbb76ad8d35254ba613ed8cb6d749c9215e6,True,0.5003440380096436
matrix,26,attn_out,attn_out,16777216,,abs,square,0.995875224410006,,16777216,f278d328ebcb70b0b57051ca99bedbb76ad8d35254ba613ed8cb6d749c9215e6,True,0.023140430450439453
matrix,26,ff_out,ff_out,50331648,,sum,abs,-0.00013081279784488714,,50331648,1b1591a439a829d9a49899180254ab4862a7f381350f7e430d27b796890667ab,True,0.5000672936439514
matrix,26,ff_out,ff_out,50331648,,sum,square,-0.0001391637405515616,,50331648,1b1591a439a829d9a49899180254ab4862a7f381350f7e430d27b796890667ab,True,0.5001042485237122
matrix,26,ff_out,ff_out,50331648,,abs,square,0.9874693154104697,,50331648,1b1591a439a829d9a49899180254ab4862a7f381350f7e430d27b796890667ab,True,0.04021167755126953
matrix,26,q_proj,q_proj,16777216,,sum,abs,-0.00011540555389695511,,16777216,f278d328ebcb70b0b57051ca99bedbb76ad8d35254ba613ed8cb6d749c9215e6,True,0.5000863075256348
matrix,26,q_proj,q_proj,16777216,,sum,square,-0.00015683801288261226,,16777216,f278d328ebcb70b0b57051ca99bedbb76ad8d35254ba613ed8cb6d749c9215e6,True,0.5001342296600342
matrix,26,q_proj,q_proj,16777216,,abs,square,0.99558781425138,,16777216,f278d328ebcb70b0b57051ca99bedbb76ad8d35254ba613ed8cb6d749c9215e6,True,0.02313232421875
matrix,26,k_proj,k_proj,16777216,,sum,abs,-0.00032633398796787976,,16777216,f278d328ebcb70b0b57051ca99bedbb76ad8d35254ba613ed8cb6d749c9215e6,True,0.5003300905227661
matrix,26,k_proj,k_proj,16777216,,sum,square,-0.0003197425805173806,,16777216,f278d328ebcb70b0b57051ca99bedbb76ad8d35254ba613ed8cb6d749c9215e6,True,0.5002731084823608
matrix,26,k_proj,k_proj,16777216,,abs,square,0.9955289995075415,,16777216,f278d328ebcb70b0b57051ca99bedbb76ad8d35254ba613ed8cb6d749c9215e6,True,0.022996187210083008
matrix,26,v_proj,v_proj,16777216,,sum,abs,-0.0006400122799738976,,16777216,f278d328ebcb70b0b57051ca99bedbb76ad8d35254ba613ed8cb6d749c9215e6,True,0.5004481077194214
matrix,26,v_proj,v_proj,16777216,,sum,square,-0.0006826470463290597,,16777216,f278d328ebcb70b0b57051ca99bedbb76ad8d35254ba613ed8cb6d749c9215e6,True,0.5004302263259888
matrix,26,v_proj,v_proj,16777216,,abs,square,0.9959451373055405,,16777216,f278d328ebcb70b0b57051ca99bedbb76ad8d35254ba613ed8cb6d749c9215e6,True,0.020842790603637695
matrix,26,ff_proj,ff_proj,50331648,,sum,abs,-0.001190407953665156,,50331648,1b1591a439a829d9a49899180254ab4862a7f381350f7e430d27b796890667ab,True,0.5007219910621643
matrix,26,ff_proj,ff_proj,50331648,,sum,square,-0.0010895214999715388,,50331648,1b1591a439a829d9a49899180254ab4862a7f381350f7e430d27b796890667ab,True,0.5006740689277649
matrix,26,ff_proj,ff_proj,50331648,,abs,square,0.9884777086301437,,50331648,1b1591a439a829d9a49899180254ab4862a7f381350f7e430d27b796890667ab,True,0.03263199329376221
matrix,26,up_proj,up_proj,50331648,,sum,abs,-0.0004392146604934801,,50331648,1b1591a439a829d9a49899180254ab4862a7f381350f7e430d27b796890667ab,True,0.5002716779708862
matrix,26,up_proj,up_proj,50331648,,sum,square,-0.0004091418904203919,,50331648,1b1591a439a829d9a49899180254ab4862a7f381350f7e430d27b796890667ab,True,0.5002987384796143
matrix,26,up_proj,up_proj,50331648,,abs,square,0.9892209851450321,,50331648,1b1591a439a829d9a49899180254ab4862a7f381350f7e430d27b796890667ab,True,0.029366254806518555
matrix,27,attn_out,attn_out,16777216,,sum,abs,-0.0011917944447195996,,16777216,f278d328ebcb70b0b57051ca99bedbb76ad8d35254ba613ed8cb6d749c9215e6,True,0.5006169080734253
matrix,27,attn_out,attn_out,16777216,,sum,square,-0.0011808876049611353,,16777216,f278d328ebcb70b0b57051ca99bedbb76ad8d35254ba613ed8cb6d749c9215e6,True,0.5006272792816162
matrix,27,attn_out,attn_out,16777216,,abs,square,0.9958490155820734,,16777216,f278d328ebcb70b0b57051ca99bedbb76ad8d35254ba613ed8cb6d749c9215e6,True,0.02382814884185791
matrix,27,ff_out,ff_out,50331648,,sum,abs,6.0082719387184166e-05,,50331648,1b1591a439a829d9a49899180254ab4862a7f381350f7e430d27b796890667ab,True,0.4999876916408539
matrix,27,ff_out,ff_out,50331648,,sum,square,1.3543163076920107e-05,,50331648,1b1591a439a829d9a49899180254ab4862a7f381350f7e430d27b796890667ab,True,0.5000356435775757
matrix,27,ff_out,ff_out,50331648,,abs,square,0.9852402518978223,,50331648,1b1591a439a829d9a49899180254ab4862a7f381350f7e430d27b796890667ab,True,0.04523956775665283
matrix,27,q_proj,q_proj,16777216,,sum,abs,-0.001177927739276086,,16777216,f278d328ebcb70b0b57051ca99bedbb76ad8d35254ba613ed8cb6d749c9215e6,True,0.5006579160690308
matrix,27,q_proj,q_proj,16777216,,sum,square,-0.0012286546527252834,,16777216,f278d328ebcb70b0b57051ca99bedbb76ad8d35254ba613ed8cb6d749c9215e6,True,0.5007058382034302
matrix,27,q_proj,q_proj,16777216,,abs,square,0.9950980992277476,,16777216,f278d328ebcb70b0b57051ca99bedbb76ad8d35254ba613ed8cb6d749c9215e6,True,0.02514970302581787
matrix,27,k_proj,k_proj,16777216,,sum,abs,-0.000677678578387642,,16777216,f278d328ebcb70b0b57051ca99bedbb76ad8d35254ba613ed8cb6d749c9215e6,True,0.5002696514129639
matrix,27,k_proj,k_proj,16777216,,sum,square,-0.0007330898135459603,,16777216,f278d328ebcb70b0b57051ca99bedbb76ad8d35254ba613ed8cb6d749c9215e6,True,0.500288724899292
matrix,27,k_proj,k_proj,16777216,,abs,square,0.9948412331523598,,16777216,f278d328ebcb70b0b57051ca99bedbb76ad8d35254ba613ed8cb6d749c9215e6,True,0.025143861770629883
matrix,27,v_proj,v_proj,16777216,,sum,abs,-0.0012815168503564642,,16777216,f278d328ebcb70b0b57051ca99bedbb76ad8d35254ba613ed8cb6d749c9215e6,True,0.5005291700363159
matrix,27,v_proj,v_proj,16777216,,sum,square,-0.0013459817500966053,,16777216,f278d328ebcb70b0b57051ca99bedbb76ad8d35254ba613ed8cb6d749c9215e6,True,0.5006211996078491
matrix,27,v_proj,v_proj,16777216,,abs,square,0.995729653272407,,16777216,f278d328ebcb70b0b57051ca99bedbb76ad8d35254ba613ed8cb6d749c9215e6,True,0.022261381149291992
matrix,27,ff_proj,ff_proj,50331648,,sum,abs,-0.0005643881993065842,,50331648,1b1591a439a829d9a49899180254ab4862a7f381350f7e430d27b796890667ab,True,0.5004488825798035
matrix,27,ff_proj,ff_proj,50331648,,sum,square,-0.00048589178598672423,,50331648,1b1591a439a829d9a49899180254ab4862a7f381350f7e430d27b796890667ab,True,0.5003878474235535
matrix,27,ff_proj,ff_proj,50331648,,abs,square,0.986503218736366,,50331648,1b1591a439a829d9a49899180254ab4862a7f381350f7e430d27b796890667ab,True,0.03570322319865227
matrix,27,up_proj,up_proj,50331648,,sum,abs,-9.607070005840917e-05,,50331648,1b1591a439a829d9a49899180254ab4862a7f381350f7e430d27b796890667ab,True,0.5000199675559998
matrix,27,up_proj,up_proj,50331648,,sum,square,-9.179278982170407e-05,,50331648,1b1591a439a829d9a49899180254ab4862a7f381350f7e430d27b796890667ab,True,0.5000567436218262
matrix,27,up_proj,up_proj,50331648,,abs,square,0.9870691607547868,,50331648,1b1591a439a829d9a49899180254ab4862a7f381350f7e430d27b796890667ab,True,0.03346864506602287
matrix,28,attn_out,attn_out,16777216,,sum,abs,-0.0006662895739420428,,16777216,f278d328ebcb70b0b57051ca99bedbb76ad8d35254ba613ed8cb6d749c9215e6,True,0.5004771947860718
matrix,28,attn_out,attn_out,16777216,,sum,square,-0.0007001732344308155,,16777216,f278d328ebcb70b0b57051ca99bedbb76ad8d35254ba613ed8cb6d749c9215e6,True,0.500496506690979
matrix,28,attn_out,attn_out,16777216,,abs,square,0.9958119067828203,,16777216,f278d328ebcb70b0b57051ca99bedbb76ad8d35254ba613ed8cb6d749c9215e6,True,0.02447521686553955
matrix,28,ff_out,ff_out,50331648,,sum,abs,0.00023097247066822672,,50331648,1b1591a439a829d9a49899180254ab4862a7f381350f7e430d27b796890667ab,True,0.4998458921909332
matrix,28,ff_out,ff_out,50331648,,sum,square,0.00017086750541424526,,50331648,1b1591a439a829d9a49899180254ab4862a7f381350f7e430d27b796890667ab,True,0.4998781979084015
matrix,28,ff_out,ff_out,50331648,,abs,square,0.9851977509901036,,50331648,1b1591a439a829d9a49899180254ab4862a7f381350f7e430d27b796890667ab,True,0.046619296073913574
matrix,28,q_proj,q_proj,16777216,,sum,abs,-0.000867625895027541,,16777216,f278d328ebcb70b0b57051ca99bedbb76ad8d35254ba613ed8cb6d749c9215e6,True,0.5003184080123901
matrix,28,q_proj,q_proj,16777216,,sum,square,-0.0008763574107191341,,16777216,f278d328ebcb70b0b57051ca99bedbb76ad8d35254ba613ed8cb6d749c9215e6,True,0.500334620475769
matrix,28,q_proj,q_proj,16777216,,abs,square,0.993340786710192,,16777216,f278d328ebcb70b0b57051ca99bedbb76ad8d35254ba613ed8cb6d749c9215e6,True,0.02840590476989746
matrix,28,k_proj,k_proj,16777216,,sum,abs,-0.0004987092447963772,,16777216,f278d328ebcb70b0b57051ca99bedbb76ad8d35254ba613ed8cb6d749c9215e6,True,0.5000921487808228
matrix,28,k_proj,k_proj,16777216,,sum,square,-0.0005127328712070763,,16777216,f278d328ebcb70b0b57051ca99bedbb76ad8d35254ba613ed8cb6d749c9215e6,True,0.500044584274292
matrix,28,k_proj,k_proj,16777216,,abs,square,0.9935556814608818,,16777216,f278d328ebcb70b0b57051ca99bedbb76ad8d35254ba613ed8cb6d749c9215e6,True,0.027965545654296875
matrix,28,v_proj,v_proj,16777216,,sum,abs,-0.0009886298688853452,,16777216,f278d328ebcb70b0b57051ca99bedbb76ad8d35254ba613ed8cb6d749c9215e6,True,0.5005865097045898
matrix,28,v_proj,v_proj,16777216,,sum,square,-0.0009985885699684365,,16777216,f278d328ebcb70b0b57051ca99bedbb76ad8d35254ba613ed8cb6d749c9215e6,True,0.5005941390991211
matrix,28,v_proj,v_proj,16777216,,abs,square,0.9944355508522746,,16777216,f278d328ebcb70b0b57051ca99bedbb76ad8d35254ba613ed8cb6d749c9215e6,True,0.024121522903442383
matrix,28,ff_proj,ff_proj,50331648,,sum,abs,-0.0005522570378568973,,50331648,1b1591a439a829d9a49899180254ab4862a7f381350f7e430d27b796890667ab,True,0.5003038644790649
matrix,28,ff_proj,ff_proj,50331648,,sum,square,-0.0004571166914548125,,50331648,1b1591a439a829d9a49899180254ab4862a7f381350f7e430d27b796890667ab,True,0.5003171563148499
matrix,28,ff_proj,ff_proj,50331648,,abs,square,0.9849840701306941,,50331648,1b1591a439a829d9a49899180254ab4862a7f381350f7e430d27b796890667ab,True,0.03744574263691902
matrix,28,up_proj,up_proj,50331648,,sum,abs,-0.00016472274606860133,,50331648,1b1591a439a829d9a49899180254ab4862a7f381350f7e430d27b796890667ab,True,0.5001132488250732
matrix,28,up_proj,up_proj,50331648,,sum,square,-0.00015436297852359848,,50331648,1b1591a439a829d9a49899180254ab4862a7f381350f7e430d27b796890667ab,True,0.5000954866409302
matrix,28,up_proj,up_proj,50331648,,abs,square,0.9851330238870856,,50331648,1b1591a439a829d9a49899180254ab4862a7f381350f7e430d27b796890667ab,True,0.03716353699564934
matrix,29,attn_out,attn_out,16777216,,sum,abs,-0.00023433141284776016,,16777216,f278d328ebcb70b0b57051ca99bedbb76ad8d35254ba613ed8cb6d749c9215e6,True,0.5004111528396606
matrix,29,attn_out,attn_out,16777216,,sum,square,-0.0002097373013193762,,16777216,f278d328ebcb70b0b57051ca99bedbb76ad8d35254ba613ed8cb6d749c9215e6,True,0.5003676414489746
matrix,29,attn_out,attn_out,16777216,,abs,square,0.9954885707356763,,16777216,f278d328ebcb70b0b57051ca99bedbb76ad8d35254ba613ed8cb6d749c9215e6,True,0.024980902671813965
matrix,29,ff_out,ff_out,50331648,,sum,abs,4.348599617675432e-06,,50331648,1b1591a439a829d9a49899180254ab4862a7f381350f7e430d27b796890667ab,True,0.5000251531600952
matrix,29,ff_out,ff_out,50331648,,sum,square,-1.0032912597890865e-06,,50331648,1b1591a439a829d9a49899180254ab4862a7f381350f7e430d27b796890667ab,True,0.4999919831752777
matrix,29,ff_out,ff_out,50331648,,abs,square,0.9868851502022782,,50331648,1b1591a439a829d9a49899180254ab4862a7f381350f7e430d27b796890667ab,True,0.04411538317799568
matrix,29,q_proj,q_proj,16777216,,sum,abs,-0.0007186223103714043,,16777216,f278d328ebcb70b0b57051ca99bedbb76ad8d35254ba613ed8cb6d749c9215e6,True,0.5002167224884033
matrix,29,q_proj,q_proj,16777216,,sum,square,-0.0006570371261820016,,16777216,f278d328ebcb70b0b57051ca99bedbb76ad8d35254ba613ed8cb6d749c9215e6,True,0.5001485347747803
matrix,29,q_proj,q_proj,16777216,,abs,square,0.9932557148917793,,16777216,f278d328ebcb70b0b57051ca99bedbb76ad8d35254ba613ed8cb6d749c9215e6,True,0.028444528579711914
matrix,29,k_proj,k_proj,16777216,,sum,abs,-0.0004438988113394622,,16777216,f278d328ebcb70b0b57051ca99bedbb76ad8d35254ba613ed8cb6d749c9215e6,True,0.5000660419464111
matrix,29,k_proj,k_proj,16777216,,sum,square,-0.00037246560976868644,,16777216,f278d328ebcb70b0b57051ca99bedbb76ad8d35254ba613ed8cb6d749c9215e6,True,0.5000698566436768
matrix,29,k_proj,k_proj,16777216,,abs,square,0.9934159582918047,,16777216,f278d328ebcb70b0b57051ca99bedbb76ad8d35254ba613ed8cb6d749c9215e6,True,0.028241634368896484
matrix,29,v_proj,v_proj,16777216,,sum,abs,-0.0005509701996242605,,16777216,f278d328ebcb70b0b57051ca99bedbb76ad8d35254ba613ed8cb6d749c9215e6,True,0.500249981880188
matrix,29,v_proj,v_proj,16777216,,sum,square,-0.0005459905860622644,,16777216,f278d328ebcb70b0b57051ca99bedbb76ad8d35254ba613ed8cb6d749c9215e6,True,0.5002655982971191
matrix,29,v_proj,v_proj,16777216,,abs,square,0.9942352611120862,,16777216,f278d328ebcb70b0b57051ca99bedbb76ad8d35254ba613ed8cb6d749c9215e6,True,0.02404189109802246
matrix,29,ff_proj,ff_proj,50331648,,sum,abs,-0.00013366918021581246,,50331648,1b1591a439a829d9a49899180254ab4862a7f381350f7e430d27b796890667ab,True,0.5001837611198425
matrix,29,ff_proj,ff_proj,50331648,,sum,square,-6.36196570538626e-05,,50331648,1b1591a439a829d9a49899180254ab4862a7f381350f7e430d27b796890667ab,True,0.5001893639564514
matrix,29,ff_proj,ff_proj,50331648,,abs,square,0.9862522756106938,,50331648,1b1591a439a829d9a49899180254ab4862a7f381350f7e430d27b796890667ab,True,0.03599174693226814
matrix,29,up_proj,up_proj,50331648,,sum,abs,-1.830682749618955e-05,,50331648,1b1591a439a829d9a49899180254ab4862a7f381350f7e430d27b796890667ab,True,0.5000134110450745
matrix,29,up_proj,up_proj,50331648,,sum,square,-1.527971301380207e-05,,50331648,1b1591a439a829d9a49899180254ab4862a7f381350f7e430d27b796890667ab,True,0.5000799894332886
matrix,29,up_proj,up_proj,50331648,,abs,square,0.9858295548975314,,50331648,1b1591a439a829d9a49899180254ab4862a7f381350f7e430d27b796890667ab,True,0.03720824047923088
matrix,30,attn_out,attn_out,16777216,,sum,abs,-0.0003914770825812807,,16777216,f278d328ebcb70b0b57051ca99bedbb76ad8d35254ba613ed8cb6d749c9215e6,True,0.5004764795303345
matrix,30,attn_out,attn_out,16777216,,sum,square,-0.00039491534653798,,16777216,f278d328ebcb70b0b57051ca99bedbb76ad8d35254ba613ed8cb6d749c9215e6,True,0.5004950761795044
matrix,30,attn_out,attn_out,16777216,,abs,square,0.9956562649399004,,16777216,f278d328ebcb70b0b57051ca99bedbb76ad8d35254ba613ed8cb6d749c9215e6,True,0.025069832801818848
matrix,30,ff_out,ff_out,50331648,,sum,abs,-0.00015145445221002388,,50331648,1b1591a439a829d9a49899180254ab4862a7f381350f7e430d27b796890667ab,True,0.5000923871994019
matrix,30,ff_out,ff_out,50331648,,sum,square,-0.00011974333710902765,,50331648,1b1591a439a829d9a49899180254ab4862a7f381350f7e430d27b796890667ab,True,0.5001217126846313
matrix,30,ff_out,ff_out,50331648,,abs,square,0.9877224003154763,,50331648,1b1591a439a829d9a49899180254ab4862a7f381350f7e430d27b796890667ab,True,0.04300514981150627
matrix,30,q_proj,q_proj,16777216,,sum,abs,-0.0015561597678443568,,16777216,f278d328ebcb70b0b57051ca99bedbb76ad8d35254ba613ed8cb6d749c9215e6,True,0.5009826421737671
matrix,30,q_proj,q_proj,16777216,,sum,square,-0.0015535318558391352,,16777216,f278d328ebcb70b0b57051ca99bedbb76ad8d35254ba613ed8cb6d749c9215e6,True,0.5009071826934814
matrix,30,q_proj,q_proj,16777216,,abs,square,0.9906860149551683,,16777216,f278d328ebcb70b0b57051ca99bedbb76ad8d35254ba613ed8cb6d749c9215e6,True,0.03229022026062012
matrix,30,k_proj,k_proj,16777216,,sum,abs,-0.0015137263092531643,,16777216,f278d328ebcb70b0b57051ca99bedbb76ad8d35254ba613ed8cb6d749c9215e6,True,0.5007182359695435
matrix,30,k_proj,k_proj,16777216,,sum,square,-0.0014683272552719828,,16777216,f278d328ebcb70b0b57051ca99bedbb76ad8d35254ba613ed8cb6d749c9215e6,True,0.5007195472717285
matrix,30,k_proj,k_proj,16777216,,abs,square,0.9903318274976436,,16777216,f278d328ebcb70b0b57051ca99bedbb76ad8d35254ba613ed8cb6d749c9215e6,True,0.032637834548950195
matrix,30,v_proj,v_proj,16777216,,sum,abs,-0.0005125230094179987,,16777216,f278d328ebcb70b0b57051ca99bedbb76ad8d35254ba613ed8cb6d749c9215e6,True,0.5004136562347412
matrix,30,v_proj,v_proj,16777216,,sum,square,-0.0005093241248510825,,16777216,f278d328ebcb70b0b57051ca99bedbb76ad8d35254ba613ed8cb6d749c9215e6,True,0.5004119873046875
matrix,30,v_proj,v_proj,16777216,,abs,square,0.9947910687275497,,16777216,f278d328ebcb70b0b57051ca99bedbb76ad8d35254ba613ed8cb6d749c9215e6,True,0.024283766746520996
matrix,30,ff_proj,ff_proj,50331648,,sum,abs,-0.0002573758225712812,,50331648,1b1591a439a829d9a49899180254ab4862a7f381350f7e430d27b796890667ab,True,0.4999449551105499
matrix,30,ff_proj,ff_proj,50331648,,sum,square,-0.00010645251527446977,,50331648,1b1591a439a829d9a49899180254ab4862a7f381350f7e430d27b796890667ab,True,0.4999219477176666
matrix,30,ff_proj,ff_proj,50331648,,abs,square,0.9865749804706502,,50331648,1b1591a439a829d9a49899180254ab4862a7f381350f7e430d27b796890667ab,True,0.034919142723083496
matrix,30,up_proj,up_proj,50331648,,sum,abs,3.9590574325604075e-05,,50331648,1b1591a439a829d9a49899180254ab4862a7f381350f7e430d27b796890667ab,True,0.4997674226760864
matrix,30,up_proj,up_proj,50331648,,sum,square,0.0001839307815972198,,50331648,1b1591a439a829d9a49899180254ab4862a7f381350f7e430d27b796890667ab,True,0.4997222125530243
matrix,30,up_proj,up_proj,50331648,,abs,square,0.985104809131371,,50331648,1b1591a439a829d9a49899180254ab4862a7f381350f7e430d27b796890667ab,True,0.03736718371510506
matrix,31,attn_out,attn_out,16777216,,sum,abs,-0.001142999749454705,,16777216,f278d328ebcb70b0b57051ca99bedbb76ad8d35254ba613ed8cb6d749c9215e6,True,0.5005573034286499
matrix,31,attn_out,attn_out,16777216,,sum,square,-0.0012106380716440835,,16777216,f278d328ebcb70b0b57051ca99bedbb76ad8d35254ba613ed8cb6d749c9215e6,True,0.500602126121521
matrix,31,attn_out,attn_out,16777216,,abs,square,0.9966544128969557,,16777216,f278d328ebcb70b0b57051ca99bedbb76ad8d35254ba613ed8cb6d749c9215e6,True,0.022155165672302246
matrix,31,ff_out,ff_out,50331648,,sum,abs,-0.0002702284371310524,,50331648,1b1591a439a829d9a49899180254ab4862a7f381350f7e430d27b796890667ab,True,0.500062108039856
matrix,31,ff_out,ff_out,50331648,,sum,square,-0.00023427468913000442,,50331648,1b1591a439a829d9a49899180254ab4862a7f381350f7e430d27b796890667ab,True,0.5000342130661011
matrix,31,ff_out,ff_out,50331648,,abs,square,0.9889976991581643,,50331648,1b1591a439a829d9a49899180254ab4862a7f381350f7e430d27b796890667ab,True,0.04111921787261963
matrix,31,q_proj,q_proj,16777216,,sum,abs,-0.001790768865533185,,16777216,f278d328ebcb70b0b57051ca99bedbb76ad8d35254ba613ed8cb6d749c9215e6,True,0.5007251501083374
matrix,31,q_proj,q_proj,16777216,,sum,square,-0.001743981531917355,,16777216,f278d328ebcb70b0b57051ca99bedbb76ad8d35254ba613ed8cb6d749c9215e6,True,0.5007754564285278
matrix,31,q_proj,q_proj,16777216,,abs,square,0.9909862843485899,,16777216,f278d328ebcb70b0b57051ca99bedbb76ad8d35254ba613ed8cb6d749c9215e6,True,0.032095909118652344
matrix,31,k_proj,k_proj,16777216,,sum,abs,-0.001405287478290274,,16777216,f278d328ebcb70b0b57051ca99bedbb76ad8d35254ba613ed8cb6d749c9215e6,True,0.5006448030471802
matrix,31,k_proj,k_proj,16777216,,sum,square,-0.0013263844266321087,,16777216,f278d328ebcb70b0b57051ca99bedbb76ad8d35254ba613ed8cb6d749c9215e6,True,0.5006195306777954
matrix,31,k_proj,k_proj,16777216,,abs,square,0.9909377037286031,,16777216,f278d328ebcb70b0b57051ca99bedbb76ad8d35254ba613ed8cb6d749c9215e6,True,0.032640695571899414
matrix,31,v_proj,v_proj,16777216,,sum,abs,-0.001063188731634079,,16777216,f278d328ebcb70b0b57051ca99bedbb76ad8d35254ba613ed8cb6d749c9215e6,True,0.5004487037658691
matrix,31,v_proj,v_proj,16777216,,sum,square,-0.00103885935344114,,16777216,f278d328ebcb70b0b57051ca99bedbb76ad8d35254ba613ed8cb6d749c9215e6,True,0.5004171133041382
matrix,31,v_proj,v_proj,16777216,,abs,square,0.9955245656076214,,16777216,f278d328ebcb70b0b57051ca99bedbb76ad8d35254ba613ed8cb6d749c9215e6,True,0.022500276565551758
matrix,31,ff_proj,ff_proj,50331648,,sum,abs,-0.0011246039439211312,,50331648,1b1591a439a829d9a49899180254ab4862a7f381350f7e430d27b796890667ab,True,0.500237762928009
matrix,31,ff_proj,ff_proj,50331648,,sum,square,-0.0007258380620592362,,50331648,1b1591a439a829d9a49899180254ab4862a7f381350f7e430d27b796890667ab,True,0.5002033114433289
matrix,31,ff_proj,ff_proj,50331648,,abs,square,0.9856226051848154,,50331648,1b1591a439a829d9a49899180254ab4862a7f381350f7e430d27b796890667ab,True,0.035552579909563065
matrix,31,up_proj,up_proj,50331648,,sum,abs,-0.00026114400455177556,,50331648,1b1591a439a829d9a49899180254ab4862a7f381350f7e430d27b796890667ab,True,0.4998585879802704
matrix,31,up_proj,up_proj,50331648,,sum,square,6.188275957217079e-05,,50331648,1b1591a439a829d9a49899180254ab4862a7f381350f7e430d27b796890667ab,True,0.4997945725917816
matrix,31,up_proj,up_proj,50331648,,abs,square,0.9837100724533197,,50331648,1b1591a439a829d9a49899180254ab4862a7f381350f7e430d27b796890667ab,True,0.03728417679667473
weighted_overall,,,all,6979321856,224,abs,square,0.9927083130725545,,,,True,0.028463330066118103
module_type,,,attn_out,536870912,32,abs,square,0.9958571131874362,,,,True,0.024397090077400208
module_type,,,ff_out,1610612736,32,abs,square,0.9918942237182465,,,,True,0.031418487371411175
module_type,,,ff_proj,1610612736,32,abs,square,0.9905884127485298,,,,True,0.030667241488117725
module_type,,,k_proj,536870912,32,abs,square,0.994540185718497,,,,True,0.027285296469926834
module_type,,,q_proj,536870912,32,abs,square,0.9948324956795894,,,,True,0.02655864879488945
module_type,,,up_proj,1610612736,32,abs,square,0.9922972797391001,,,,True,0.027177873998880386
module_type,,,v_proj,536870912,32,abs,square,0.995638526740055,,,,True,0.023991446942090988
weighted_overall,,,all,6979321856,224,sum,abs,-4.756923893487869e-05,,,,True,0.5000452440088758
module_type,,,attn_out,536870912,32,sum,abs,-0.00019831424205279567,,,,True,0.5001310631632805
module_type,,,ff_out,1610612736,32,sum,abs,-5.89710437740809e-05,,,,True,0.5000391909852624
module_type,,,ff_proj,1610612736,32,sum,abs,-0.00045040630589991156,,,,True,0.5003305952996016
module_type,,,k_proj,536870912,32,sum,abs,0.000889606191151425,,,,True,0.4994187355041504
module_type,,,q_proj,536870912,32,sum,abs,0.0005991309641537207,,,,True,0.4997207894921303
module_type,,,up_proj,1610612736,32,sum,abs,-6.0953161168217095e-05,,,,True,0.5000442527234554
module_type,,,v_proj,536870912,32,sum,abs,-0.00019783148687914435,,,,True,0.5000754669308662
weighted_overall,,,all,6979321856,224,sum,square,-4.539404595057002e-05,,,,True,0.5000455267727375
module_type,,,attn_out,536870912,32,sum,square,-0.00019408360842373067,,,,True,0.5001350827515125
module_type,,,ff_out,1610612736,32,sum,square,-8.617816283929649e-05,,,,True,0.5000461181625724
module_type,,,ff_proj,1610612736,32,sum,square,-0.00047352946295695585,,,,True,0.5003289245069027
module_type,,,k_proj,536870912,32,sum,square,0.0009908832927439633,,,,True,0.4994017668068409
module_type,,,q_proj,536870912,32,sum,square,0.000669838081873914,,,,True,0.4997103214263916
module_type,,,up_proj,1610612736,32,sum,square,-6.280143404487277e-05,,,,True,0.5000496590510011
module_type,,,v_proj,536870912,32,sum,square,-0.00018923318402818223,,,,True,0.5000705718994141
